,전국 스크린수,전국 매출액,총 관객수
0,2809,137325939643,112805094
1,1843,88582586366,217299523
2,1948,87459829095,226678777
3,1010,82461504400,215068958
4,1342,82274331200,215068958
5,936,86280975785,216385269
6,1812,77252755264,217026182
7,1660,79232212162,226678777
8,1190,66005451500,213351030
9,1381,70806191000,213351030
10,1128,64016480000,213351030
11,1991,72672111827,217026182
12,692,62696639249,215068958
13,838,66240631706,215068958
14,580,60896633308,155398654
15,1971,69825366300,226678777
16,405,53940101534,147428639
17,1975,87855360975,112805094
18,2142,69000711100,226678777
19,976,63781731326,219876227
20,1409,74841350500,159724465
21,1009,60173583015,217299523
22,1038,57795846000,159724465
23,2948,75193912210,60531087
24,1129,51478531663,155398654
25,1444,61158644831,217026182
26,615,55808856500,159724465
27,472,53773170600,159724465
28,2223,73700628377,112805094
29,1965,59120173820,219876227
30,1299,58165581145,219876227
31,894,52354931637,213351030
32,1501,58067927865,217026182
33,1105,57510324417,217026182
34,967,59557853478,194890587
35,1075,56596582057,217299523
36,1049,55101410303,217026182
37,2389,70884583586,112805094
38,1341,48663939413,213351030
39,1485,55853108382,217026182
40,1315,56077813249,219876227
41,825,43768628939,147428639
42,706,46593107500,194890587
43,2027,50510565168,219876227
44,1957,55888375112,216385269
45,1210,47644838000,194890587
46,478,47870792359,147759214
47,1210,48842902501,217299523
48,606,44605437017,155398654
49,1202,48547353607,217299523
50,706,50333635795,217299523
51,1013,45560620330,217299523
52,528,44106546302,147759214
53,696,43044999000,194890587
54,2691,62648728870,112805094
55,2100,51491272223,226678777
56,1972,49770711037,216385269
57,1102,44241099316,219876227
58,779,39593038500,213351030
59,964,44344141109,217026182
60,743,39866712881,213351030
61,1290,47800698826,217299523
62,572,40800867602,147759214
63,949,39298005179,213351030
64,789,39415166660,155398654
65,1775,47465443185,216385269
66,1503,47482530396,217026182
67,1088,42395347092,217299523
68,1540,46335334026,216385269
69,1620,45883143457,216385269
70,500,38530503500,159724465
71,1602,44012272845,215068958
72,1313,44356752474,216385269
73,1418,45442252130,226678777
74,964,38555357000,213351030
75,617,37654858000,194890587
76,1627,42130589579,219876227
77,435,33943278500,147428639
78,1357,43484892913,216385269
79,948,44298724500,159724465
80,1285,44113456704,216385269
81,1317,42759410176,216385269
82,777,38015586936,217299523
83,1687,40987484736,219876227
84,694,34524377161,194890587
85,1132,39612764295,217299523
86,1640,39248432595,219876227
87,1118,41163951235,194890587
88,206,37354452679,215068958
89,611,35841769500,159724465
90,1476,40514276538,226678777
91,1394,36987755999,215068958
92,1659,41223596650,59523967
93,1936,41518977430,226678777
94,699,36479147500,194890587
95,661,37077444042,217026182
96,801,38703942201,215068958
97,351,30000965000,147428639
98,1431,39337263058,217026182
99,644,35566854800,159724465
100,563,34222160500,194890587
101,1511,39560195124,226678777
102,1166,35965733064,217026182
103,704,30146162133,155398654
104,457,29570784560,147428639
105,759,32154766664,194890587
106,757,33161943100,147759214
107,1426,35477912466,219876227
108,757,34507819000,159724465
109,1998,38554527990,59523967
110,1625,44573032153,112805094
111,592,27802744668,147428639
112,1056,34654558766,215068958
113,659,28465757767,147428639
114,1171,35114332791,217026182
115,1312,34869056800,215068958
116,660,26693951667,147428639
117,807,30037161000,213351030
118,593,30219800500,194890587
119,527,26222207084,147428639
120,475,26701311856,155398654
121,462,27059471306,147428639
122,534,30129259500,194890587
123,418,26151780425,147428639
124,1314,31313568795,219876227
125,922,31509793095,215068958
126,890,32267244827,215068958
127,1365,31340798156,217026182
128,1106,31710585385,215068958
129,599,28343986569,213351030
130,1308,34100211207,216385269
131,811,30456879428,217299523
132,1054,29893297890,215068958
133,799,32906364462,217299523
134,1229,31067321992,219876227
135,2575,33071341280,59523967
136,1576,34185664639,216385269
137,499,25616489949,147428639
138,1177,32855895548,216385269
139,1180,30891765837,216385269
140,585,24314570667,147428639
141,1257,30504689978,219876227
142,1486,30305744310,226678777
143,1311,32241767793,226678777
144,1469,29981156348,219876227
145,947,29248867156,219876227
146,1688,34558297730,60531087
147,496,28518443148,217299523
148,727,30006844694,217026182
149,876,27245051990,217026182
150,603,26566677000,159724465
151,794,28777712256,215068958
152,1177,27685479440,216385269
153,453,25878110500,194890587
154,785,24436429305,213351030
155,862,27441213382,216385269
156,736,25856306126,147759214
157,1336,28757726040,226678777
158,1431,28869614062,226678777
159,736,24217600897,147759214
160,770,27301520070,194890587
161,568,24867023000,213351030
162,1307,29128292150,226678777
163,1541,32848464324,112805094
164,1057,24216987019,219876227
165,1036,27595618651,217026182
166,1515,28098934360,226678777
167,1140,25532214986,219876227
168,940,28353796331,217299523
169,1314,32092923912,112805094
170,983,26449334694,217299523
171,1113,26546725129,217299523
172,636,31484135600,213351030
173,1117,27242029463,216385269
174,1041,26865721678,216385269
175,960,27279967500,159724465
176,512,22960890000,159724465
177,806,21784202000,213351030
178,1200,25116690113,217026182
179,379,20857347292,155398654
180,1357,24975495122,219876227
181,2648,31721584450,60531087
182,926,23558988686,217299523
183,733,22525808500,213351030
184,512,22853629794,147759214
185,1605,24554683588,216385269
186,739,21511358970,213351030
187,751,20580402431,155398654
188,469,21965313000,159724465
189,829,23979935189,215068958
190,993,23129111893,217026182
191,968,21804687513,213351030
192,604,21241327145,194890587
193,2528,29987732620,60531087
194,816,25283364845,216385269
195,585,21968557600,159724465
196,1262,24467887950,217026182
197,1047,23790276987,219876227
198,556,21719123025,147759214
199,1073,24822316930,226678777
200,472,21154651779,147759214
201,446,19258777000,147428639
202,894,22389535897,217299523
203,949,23502249937,217299523
204,2218,29226463310,112805094
205,926,24268487685,215068958
206,962,23670604369,216385269
207,1028,23436820716,194890587
208,1203,23682638520,226678777
209,648,21489367677,215068958
210,718,19906900266,147759214
211,1796,28920265670,112805094
212,825,21993119765,217299523
213,1252,24576771848,219876227
214,514,20629757000,159724465
215,502,21326977937,147759214
216,804,21596946349,217299523
217,1218,23452674686,219876227
218,402,20171151599,147759214
219,602,17854932333,147428639
220,547,20338948000,194890587
221,691,19146691869,213351030
222,904,21841214586,217026182
223,2143,29494473721,112805094
224,426,17910684413,155398654
225,446,19889126096,155398654
226,1124,21442114144,216385269
227,641,18251983100,213351030
228,1064,21361479492,219876227
229,665,18909583065,194890587
230,764,20463956973,217299523
231,792,18997911278,217299523
232,624,19250354500,194890587
233,1739,21501959228,219876227
234,827,21253434663,217026182
235,562,27471926367,147759214
236,1163,20800916128,216385269
237,1091,20703899933,217026182
238,524,19174920500,159724465
239,1278,20576226662,217026182
240,586,18770889320,155398654
241,1091,20697532509,219876227
242,641,19894297783,215068958
243,1005,20477392512,213351030
244,587,19063768000,159724465
245,924,21457807134,217026182
246,726,19379904655,217026182
247,1047,20312348931,226678777
248,1019,20119979587,219876227
249,466,17883988787,194890587
250,1117,20747796510,226678777
251,1116,18918869704,219876227
252,548,18450760000,194890587
253,600,18087442369,194890587
254,1249,19690818764,216385269
255,935,19263100637,219876227
256,1601,20816583118,216385269
257,1315,20167141830,226678777
258,1122,20614278000,59523967
259,1174,20002183194,226678777
260,522,17797042500,159724465
261,817,17678676795,213351030
262,254,15971389000,147428639
263,748,17487213000,194890587
264,537,17762035500,159724465
265,404,18361430500,159724465
266,1176,18093543795,219876227
267,463,15531621371,147428639
268,547,16832542997,147759214
269,953,18055062307,219876227
270,682,17581098553,194890587
271,577,17310669976,147759214
272,1090,18902873104,216385269
273,2297,22059658060,60531087
274,750,19532365003,216385269
275,811,17850613316,213351030
276,1394,21999556172,112805094
277,553,16353225777,213351030
278,561,23178925617,147759214
279,330,14577167667,147428639
280,1709,18906246428,217026182
281,1079,19933108071,216385269
282,736,16545921500,194890587
283,370,16670913500,159724465
284,462,15051788827,155398654
285,812,19314027000,159724465
286,1429,19673441214,226678777
287,377,16207513113,155398654
288,518,14366688333,147428639
289,345,14656535500,159724465
290,1603,21395652690,60531087
291,776,17360123332,217299523
292,841,17717971499,217299523
293,401,20661000236,147759214
294,998,17092964063,213351030
295,618,16765970362,147759214
296,1034,17468588886,219876227
297,622,15618440958,147759214
298,474,15764312409,155398654
299,380,20656041700,60531087
300,1246,18390955050,226678777
301,645,15994803000,159724465
302,945,17431570075,219876227
303,629,16592056305,215068958
304,1998,21116442890,60531087
305,297,0,152022992
306,841,16912706195,217026182
307,2571,22204998504,112805094
308,535,15192541723,147759214
309,1117,17900775524,216385269
310,582,16066174940,215068958
311,838,16973885275,217299523
312,463,15901620661,147759214
313,593,17601188500,194890587
314,585,16155930332,215068958
315,954,17590962723,219876227
316,445,13414023500,147428639
317,648,16152717131,217299523
318,1017,16851234778,219876227
319,2018,19034164180,60531087
320,942,16172133642,217026182
321,1734,20778871412,112805094
322,952,15514083500,215068958
323,967,16107288130,217026182
324,570,14717552534,147759214
325,569,12591000149,155398654
326,1198,16502543020,226678777
327,2228,18464298170,59523967
328,1184,19252879640,60531087
329,1159,19791166880,112805094
330,641,16439450039,215068958
331,919,17032133166,216385269
332,1043,18527661667,226678777
333,532,13988362067,155398654
334,558,12734649711,155398654
335,1006,15526858738,219876227
336,635,15737956229,217026182
337,634,13113579000,213351030
338,262,13785879439,155398654
339,387,12805808556,155398654
340,1882,15965329900,59523967
341,1041,16293580567,226678777
342,823,15873106188,217026182
343,1374,19670894878,112805094
344,709,14924654487,217299523
345,605,13757574500,159724465
346,353,13372357257,147759214
347,524,14063913437,147759214
348,567,13798864446,213351030
349,1297,16222446942,216385269
350,616,15088105000,217299523
351,537,13334762500,194890587
352,766,14457048500,213351030
353,775,14554935612,219876227
354,740,13048519745,213351030
355,494,14148937025,147759214
356,1285,15222811848,226678777
357,552,13845218616,194890587
358,1105,14302132030,217299523
359,975,15417922925,226678777
360,397,12676951144,155398654
361,372,11972135869,155398654
362,2137,14655366110,59523967
363,656,13203523042,213351030
364,414,11995855000,147428639
365,1308,14629692795,219876227
366,313,11603912005,155398654
367,658,14017716731,215068958
368,892,13489904632,217299523
369,513,16441355500,159724465
370,1453,13877029723,226678777
371,541,13654746120,217299523
372,1784,17691789720,60531087
373,724,12732236500,213351030
374,676,13371522302,215068958
375,795,13257953389,217026182
376,617,13200412500,194890587
377,482,14020395800,219876227
378,1289,17458549841,112805094
379,454,12731016000,194890587
380,1342,14749476550,59523967
381,451,12684530500,159724465
382,847,14411907152,217299523
383,552,11808286000,213351030
384,791,13814824864,216385269
385,829,13509581911,217299523
386,499,11211235000,147428639
387,496,15985407000,159724465
388,437,12447633504,155398654
389,984,13951644383,219876227
390,353,10999769000,147428639
391,679,11688382888,215068958
392,952,13609456135,219876227
393,1081,14024838424,216385269
394,615,12498978959,215068958
395,501,12291809704,194890587
396,496,12240964500,194890587
397,1288,15585244870,60531087
398,1054,12648793723,219876227
399,270,10299976000,147428639
400,564,12494860000,194890587
401,973,13772604134,226678777
402,294,12484096000,159724465
403,457,12292868000,159724465
404,336,10591349944,147428639
405,555,11694011300,215068958
406,550,11765293500,194890587
407,629,12191623034,215068958
408,1405,12917306145,226678777
409,1290,13449206760,59523967
410,607,12964828000,213351030
411,1351,13275772490,216385269
412,555,11746340129,147759214
413,794,12309164568,217299523
414,1010,13236490737,216385269
415,720,13395159700,215068958
416,392,15812506500,213351030
417,469,10395192543,147428639
418,447,10218959760,147428639
419,1615,13985885870,59523967
420,416,11816488677,147759214
421,315,10180143111,147428639
422,436,12445626245,217299523
423,1016,13090949707,216385269
424,553,11241013000,194890587
425,1576,16903293110,60531087
426,954,12694612486,216385269
427,1635,13947969670,59523967
428,1959,15987826548,112805094
429,375,10300187478,155398654
430,1187,12765456530,59523967
431,379,9546895503,147428639
432,634,11165841500,213351030
433,686,11088271276,217299523
434,865,12444133926,215068958
435,413,11220408500,159724465
436,971,12340610576,226678777
437,884,11924818185,216385269
438,926,12770879840,217026182
439,394,14556420970,147759214
440,551,9236952333,147428639
441,551,11989400678,217299523
442,984,12077312892,216385269
443,889,11590908298,219876227
444,584,11631310219,215068958
445,636,10713863000,159724465
446,486,10805555000,194890587
447,562,10580582143,213351030
448,1108,12191395690,226678777
449,682,11284787400,215068958
450,936,11835049574,226678777
451,316,9339002945,147428639
452,459,10825703000,213351030
453,764,11483686845,217026182
454,1296,14025546720,60531087
455,509,10408565262,147759214
456,702,11511889500,219876227
457,244,9346501843,147428639
458,717,11405870395,217026182
459,554,10776965900,215068958
460,396,14078896543,147759214
461,751,10652346660,219876227
462,833,11412768798,216385269
463,909,11951980109,216385269
464,714,11003095402,219876227
465,2090,14548827774,112805094
466,561,10303127700,215068958
467,996,10956621835,219876227
468,1154,10494768945,219876227
469,590,10367640686,215068958
470,986,11977959920,226678777
471,343,8796916521,147428639
472,433,9752555296,194890587
473,521,9917728000,194890587
474,324,10240398634,155398654
475,966,10478875438,216385269
476,1708,12523963990,112805094
477,837,11694325266,216385269
478,840,9337990000,213351030
479,814,9753434238,217026182
480,477,10607703908,215068958
481,404,9687687439,155398654
482,347,8264916667,147428639
483,925,10686397316,216385269
484,539,11098239184,215068958
485,576,9316548500,194890587
486,441,9799358000,159724465
487,841,10745826264,219876227
488,711,10332117083,219876227
489,403,8560185022,155398654
490,891,9992425049,217026182
491,411,8597263166,155398654
492,403,9638293500,159724465
493,1197,10920792280,59523967
494,1594,12566618030,112805094
495,381,7644143364,155398654
496,356,9356404500,194890587
497,1078,10233455040,226678777
498,271,7371537000,147428639
499,319,8784927671,147759214
500,479,9024766000,194890587
501,2201,12009884680,60531087
502,1288,10979887910,59523967
503,422,9328562568,147759214
504,691,9792082065,217026182
505,560,9111648087,215068958
506,394,7876101835,147428639
507,448,8958236000,194890587
508,524,8431504719,213351030
509,1216,10154099090,59523967
510,335,14767125516,147759214
511,588,9017994500,213351030
512,685,9730720144,219876227
513,314,7900084842,155398654
514,707,8534777462,213351030
515,733,9729882195,217026182
516,539,8600489371,194890587
517,915,9879737822,219876227
518,541,8534322070,213351030
519,2207,12305198580,112805094
520,502,11276008290,147759214
521,627,8952096578,215068958
522,990,9887863906,226678777
523,451,7367880833,147428639
524,1285,10898590019,112805094
525,477,8361708124,213351030
526,767,9361133648,217026182
527,499,8864695589,217026182
528,643,8776870611,194890587
529,736,10140269205,217026182
530,688,8707389643,217299523
531,447,8330342500,194890587
532,618,8840530219,215068958
533,1094,9290065101,226678777
534,716,10193232820,217026182
535,790,8881616256,217026182
536,398,9784305000,194890587
537,894,9604139750,226678777
538,334,8737627361,147759214
539,1090,8997921050,226678777
540,583,8159482153,213351030
541,1162,10201204050,60531087
542,442,8271660983,147759214
543,781,9068009842,219876227
544,630,7850816000,213351030
545,874,9441064230,216385269
546,201,7468302846,155398654
547,607,8697174039,217299523
548,327,7460438000,147428639
549,471,8096052500,159724465
550,933,8512830825,226678777
551,411,7425754645,155398654
552,659,8892177975,217026182
553,549,8321175000,194890587
554,697,8946842910,217299523
555,500,8170784606,217299523
556,317,8110824681,147759214
557,258,11341499930,112805094
558,965,9218262910,226678777
559,337,7773942884,147759214
560,1145,8962712795,216385269
561,470,8212243000,194890587
562,707,7849518000,213351030
563,361,7133337600,147428639
564,715,7932156800,216385269
565,855,8058857287,217026182
566,394,6984051785,155398654
567,683,8821335063,217026182
568,411,7953428000,159724465
569,1195,8793014370,226678777
570,278,6856702000,147428639
571,681,8098811152,217299523
572,660,6983395126,213351030
573,321,9873975412,147759214
574,457,9621468000,194890587
575,322,6660263334,147428639
576,190,7820538614,147759214
577,1061,10313351770,60531087
578,854,8480864614,219876227
579,435,7591008500,159724465
580,399,7722534000,159724465
581,907,9047995594,217026182
582,585,7412233000,194890587
583,288,6654718499,147428639
584,824,8777844795,216385269
585,275,7528114276,147759214
586,849,8204889876,226678777
587,831,8612111718,216385269
588,671,8445645672,217026182
589,433,6471511555,147428639
590,360,6422773000,147428639
591,1099,7484644112,216385269
592,259,7129363141,147759214
593,594,7806377800,215068958
594,435,7357623000,194890587
595,437,7357162869,217299523
596,333,7043993000,159724465
597,627,7299641958,215068958
598,474,7193596000,194890587
599,444,6808882099,194890587
600,263,6301818833,147428639
601,471,6702639000,213351030
602,765,7777473258,217026182
603,566,7263255399,215068958
604,521,8583886099,194890587
605,581,6606589000,213351030
606,1107,8666688961,219876227
607,1211,7871240823,226678777
608,398,7170684217,155398654
609,507,7376481000,213351030
610,842,8211133530,226678777
611,621,7405415569,217299523
612,281,7157894000,194890587
613,1010,9085720540,60531087
614,266,6336730334,155398654
615,860,7654331125,219876227
616,354,6471531867,155398654
617,311,8919480155,147759214
618,355,6316842000,147428639
619,378,6877576799,213351030
620,525,6540060500,213351030
621,481,7618156490,217026182
622,459,6819979500,213351030
623,464,7081566943,215068958
624,1343,8292685050,60531087
625,421,6359208000,213351030
626,579,7633490421,217026182
627,618,7610472624,217026182
628,361,6589435500,194890587
629,439,6834421095,147759214
630,303,5657365667,147428639
631,355,7489885100,216385269
632,1152,8852646146,112805094
633,479,6345293500,194890587
634,1318,8446139162,112805094
635,2370,9252877980,112805094
636,1085,6994748173,216385269
637,1112,7858099340,59523967
638,841,7046110380,226678777
639,535,7591124500,194890587
640,837,7331422607,219876227
641,489,6080221500,213351030
642,1251,8186997050,112805094
643,367,6189838667,155398654
644,414,8688175500,159724465
645,758,6542619500,216385269
646,351,6661435000,194890587
647,431,6414538349,147759214
648,320,5901045987,147759214
649,512,6097792000,213351030
650,932,7872002760,59523967
651,381,5873833500,213351030
652,478,5655415500,213351030
653,361,5939840500,194890587
654,707,6645385163,219876227
655,1137,8550116360,60531087
656,991,7649216640,226678777
657,1105,7240616830,59523967
658,593,7196970717,217026182
659,341,5680873500,147428639
660,646,6986456737,217299523
661,630,6400058044,215068958
662,320,6518492154,155398654
663,1151,7455439570,226678777
664,637,6572774337,217026182
665,809,6276963402,219876227
666,508,7218670500,194890587
667,340,5565284169,155398654
668,1403,8639576030,60531087
669,407,6146610500,159724465
670,924,7853997456,112805094
671,634,6385295880,217299523
672,409,6396650620,217299523
673,803,6203897300,219876227
674,428,5907297500,213351030
675,778,6688509214,219876227
676,509,6678585874,217026182
677,1216,7941270790,60531087
678,717,6102923190,226678777
679,644,6721820500,159724465
680,686,6833383090,226678777
681,535,6779908023,217299523
682,309,5933122225,155398654
683,224,6020292355,155398654
684,661,6070679163,217299523
685,317,5963126500,159724465
686,339,5219874500,147428639
687,545,5423213000,213351030
688,544,5809735433,215068958
689,1133,8023107360,60531087
690,330,5890424042,147759214
691,305,5587166000,159724465
692,466,6202433964,215068958
693,431,5758577000,213351030
694,1524,8040723608,112805094
695,1185,7313720610,112805094
696,591,5808789500,215068958
697,163,6012395982,215068958
698,476,5739824500,159724465
699,471,5317185404,194890587
700,867,6313416163,216385269
701,736,5886268900,226678777
702,957,6440492657,216385269
703,599,6422202365,219876227
704,807,6285970884,219876227
705,598,5631146900,215068958
706,373,4971421000,147428639
707,702,6097721539,217026182
708,299,4993959268,147428639
709,1143,6322357050,226678777
710,323,5795507000,215068958
711,322,5466499511,147759214
712,300,5485456860,155398654
713,1115,7352587230,112805094
714,288,4796220849,155398654
715,523,5908203979,217026182
716,501,5343797000,213351030
717,1536,7116304100,112805094
718,386,4674779333,147428639
719,278,4785372500,147428639
720,258,4817364578,155398654
721,353,4774850499,155398654
722,722,6008476176,216385269
723,1183,6104164954,216385269
724,638,6027243066,216385269
725,531,5499767900,217299523
726,1198,6630962710,60531087
727,286,5395019500,159724465
728,716,5845763050,226678777
729,610,5972847963,215068958
730,261,4705692210,147759214
731,273,4604235334,147428639
732,246,4761820000,147428639
733,1295,6772634130,60531087
734,562,5424324942,217026182
735,131,4599546001,147428639
736,248,5109441315,147759214
737,417,5478201500,215068958
738,266,4273735000,147428639
739,317,5207167000,159724465
740,754,5656281303,217026182
741,817,5730788546,226678777
742,289,4598492639,155398654
743,253,7462604919,147759214
744,172,4151259500,147428639
745,557,5390909947,217299523
746,661,5218111744,217026182
747,1187,6687389520,112805094
748,762,5001247250,216385269
749,324,4622178693,155398654
750,304,4767098000,159724465
751,608,5467466918,219876227
752,1190,6094765639,216385269
753,281,5500218152,147759214
754,836,6622836893,112805094
755,1099,6758040280,112805094
756,200,4248881868,155398654
757,510,5710755500,159724465
758,1148,5730673797,226678777
759,257,4415413589,155398654
760,566,4761399902,217299523
761,284,4955215500,159724465
762,460,4925056000,213351030
763,592,5142899612,217026182
764,318,4205826795,155398654
765,298,4156170833,147428639
766,217,4473889375,147759214
767,520,5047634395,219876227
768,696,4912658515,217026182
769,238,4356692000,147428639
770,333,5022007500,159724465
771,275,4209588000,159724465
772,328,4727133460,155398654
773,385,4677562000,159724465
774,336,3802813334,147428639
775,806,5226776088,226678777
776,447,4646250000,194890587
777,551,5232611336,217026182
778,458,4528561558,215068958
779,1102,5979022100,60531087
780,356,4271780582,155398654
781,608,4650016527,217299523
782,299,4131701167,147428639
783,234,4065925171,147759214
784,573,5234170754,217026182
785,996,5442138750,59523967
786,237,4171956017,155398654
787,408,4444581500,213351030
788,356,4779642000,159724465
789,479,4482452600,215068958
790,304,4579554500,159724465
791,380,4293061087,155398654
792,776,4754763118,217299523
793,667,4647326258,217026182
794,440,4441859000,194890587
795,509,4751661400,217299523
796,1229,5727172661,112805094
797,280,4534073117,147759214
798,514,4470681000,194890587
799,358,4175166338,155398654
800,967,6148017790,60531087
801,384,4332815318,147759214
802,291,4354008500,194890587
803,692,5057108660,59523967
804,464,4860516500,213351030
805,261,4347073175,147759214
806,508,4883740800,215068958
807,397,4514940000,159724465
808,527,4452845000,215068958
809,284,4343347481,147759214
810,423,4751881771,215068958
811,408,4393531500,194890587
812,523,4338223379,215068958
813,999,5107465367,226678777
814,256,3790235833,147428639
815,733,4686022657,219876227
816,889,4553434150,226678777
817,395,4490682000,215068958
818,232,3811488333,147428639
819,323,4258992759,147759214
820,298,4132049517,147759214
821,394,4326459000,194890587
822,362,3795149333,147428639
823,809,5477045710,112805094
824,494,4336252627,217299523
825,405,4001207000,213351030
826,386,4038223000,194890587
827,752,4485905140,226678777
828,776,5015895060,59523967
829,536,4620348654,217299523
830,374,4034176500,213351030
831,386,4252182000,194890587
832,327,3763147000,159724465
833,480,4015707500,213351030
834,850,5007420664,226678777
835,281,3730650667,147428639
836,414,3866065500,194890587
837,325,4313097134,215068958
838,494,4488377672,217026182
839,388,3688309333,147428639
840,368,4757460500,194890587
841,240,3547748935,155398654
842,769,4301309864,216385269
843,799,4526478380,226678777
844,580,4092484600,217026182
845,199,3578915667,147428639
846,724,4188466900,216385269
847,320,4458200800,217026182
848,509,3886775100,217299523
849,672,4293073300,216385269
850,896,4880576760,59523967
851,2260,4938591400,59523967
852,341,3798398000,159724465
853,611,4445554528,216385269
854,257,3668218000,147428639
855,806,4500905762,216385269
856,484,3831856167,213351030
857,1074,4496549760,59523967
858,236,4023152210,155398654
859,751,4064258739,219876227
860,698,3854216500,216385269
861,290,3564401608,147428639
862,429,3964769129,213351030
863,1357,4996234520,112805094
864,739,4714345098,216385269
865,288,3805721000,159724465
866,872,3969337524,216385269
867,601,4510731497,216385269
868,284,4125733000,159724465
869,677,4580889849,216385269
870,350,3363777000,194890587
871,186,3953681000,159724465
872,422,4096141972,217299523
873,409,3791349609,213351030
874,546,4278041179,219876227
875,294,4153747200,216385269
876,1194,5191579940,60531087
877,302,3803054495,147759214
878,511,4116292075,217026182
879,363,4163130500,159724465
880,271,3784176467,155398654
881,853,4518393460,226678777
882,515,4145733267,217026182
883,629,4047756408,219876227
884,297,3745986000,159724465
885,884,3946462400,217026182
886,246,3404416275,155398654
887,280,3738208724,147759214
888,626,3814315500,219876227
889,447,3754104500,217026182
890,957,4704790210,59523967
891,372,3602049257,213351030
892,404,4210511600,216385269
893,432,3681140429,217299523
894,649,3846315153,226678777
895,598,4352841358,219876227
896,332,3790050942,155398654
897,326,3644201200,215068958
898,428,3511102500,194890587
899,517,3387483000,213351030
900,337,3375472500,213351030
901,345,3619026909,147759214
902,555,4257580060,216385269
903,536,4076578860,216385269
904,1013,4753528700,112805094
905,192,3470184400,215068958
906,171,3732523602,155398654
907,800,3599544501,219876227
908,634,3873542364,219876227
909,572,3763852759,217026182
910,653,3993147140,226678777
911,526,3589317348,217026182
912,455,3546340054,215068958
913,388,3471341321,215068958
914,276,3367901082,147759214
915,382,3280608100,215068958
916,609,3519595560,217026182
917,590,3967335095,219876227
918,1696,4662620390,112805094
919,763,3886052473,216385269
920,429,3575384754,217299523
921,273,3333947000,194890587
922,411,3622835500,159724465
923,341,3630557000,159724465
924,357,3298814209,147759214
925,433,3294096400,217299523
926,339,3116983744,147428639
927,970,3357312530,219876227
928,286,3399300731,147759214
929,412,3443753000,194890587
930,837,4277452982,226678777
931,536,3685882590,215068958
932,379,3681142000,159724465
933,218,3705621800,219876227
934,546,3702353828,217299523
935,323,4825063000,159724465
936,292,3424720129,155398654
937,305,3364788919,155398654
938,374,3373780000,194890587
939,309,3325136489,147759214
940,731,3797676112,216385269
941,1226,4769650393,112805094
942,242,2980253983,155398654
943,584,2991824739,213351030
944,351,3720931600,216385269
945,712,3689131180,59523967
946,382,3383430227,213351030
947,448,3576079033,219876227
948,582,3255598200,219876227
949,287,2280762516,147759214
950,748,4189380075,112805094
951,930,4064099600,60531087
952,489,3622268707,217026182
953,187,3265135449,147759214
954,565,3324033772,219876227
955,544,3290582700,217299523
956,557,3544262706,217026182
957,393,3206144228,194890587
958,321,3504509000,194890587
959,302,3107441952,155398654
960,996,4172193200,112805094
961,180,2549164359,155398654
962,252,3142668973,155398654
963,441,3134328730,147759214
964,761,3377895790,226678777
965,217,2667055000,147428639
966,218,3277434500,159724465
967,613,3310122433,219876227
968,665,4126175171,112805094
969,1363,3709121750,59523967
970,247,2747631000,147428639
971,572,3360045489,217299523
972,398,3603268560,226678777
973,570,3213263000,219876227
974,415,3146542000,213351030
975,314,3039396000,159724465
976,425,3354086230,217299523
977,377,3246572000,159724465
978,532,3501463050,226678777
979,607,3122661000,219876227
980,347,2944786748,194890587
981,278,2695732696,155398654
982,511,3297709011,215068958
983,294,2942253500,159724465
984,285,3059228600,215068958
985,239,2725342667,147428639
986,1066,4382670930,60531087
987,1138,3581335060,59523967
988,1008,3948625280,112805094
989,627,3381050200,216385269
990,1031,4709541135,112805094
991,482,3262087431,217299523
992,657,3437809200,226678777
993,588,3348220655,219876227
994,1189,3970165717,112805094
995,394,3071127231,215068958
996,763,3140214420,226678777
997,272,3252392261,219876227
998,526,3038945100,219876227
999,306,2786834000,194890587
1000,176,3292020500,217026182
1001,238,3074026799,147759214
1002,371,3201527031,215068958
1003,1084,3558023900,59523967
1004,691,3175539145,219876227
1005,285,2640270821,147759214
1006,963,3548999190,59523967
1007,479,3321120147,215068958
1008,451,3029310600,217299523
1009,912,3791464810,112805094
1010,957,3634766350,60531087
1011,256,3025538174,147759214
1012,1279,3782750970,112805094
1013,290,2992783000,159724465
1014,617,2941183700,219876227
1015,299,2757396000,215068958
1016,264,2961477652,155398654
1017,542,3007522361,216385269
1018,279,2522851500,147428639
1019,299,2554838451,147428639
1020,844,3680403970,112805094
1021,316,2460173000,213351030
1022,599,3006258100,216385269
1023,401,2750149500,213351030
1024,452,2856859132,217299523
1025,845,3295969230,226678777
1026,654,2906692546,215068958
1027,236,2559950500,147428639
1028,533,2859791400,215068958
1029,1382,3627302450,60531087
1030,975,3769396180,60531087
1031,518,3111772391,217026182
1032,324,2881024000,194890587
1033,621,2956397623,219876227
1034,398,2891431205,217299523
1035,379,4258700247,147759214
1036,84,2820922500,159724465
1037,748,2871905115,219876227
1038,329,2828301674,213351030
1039,243,2819298799,147759214
1040,300,2850441248,147759214
1041,371,2862234500,159724465
1042,856,3393832110,60531087
1043,526,2694247700,219876227
1044,140,2557477869,147759214
1045,262,2260376662,155398654
1046,512,2918598796,217299523
1047,177,2616761211,147759214
1048,620,3853187329,112805094
1049,249,2728562500,159724465
1050,241,2415075136,155398654
1051,132,2643699147,147759214
1052,237,2382820000,159724465
1053,923,3085036318,226678777
1054,173,2703851150,155398654
1055,243,2174665500,147428639
1056,575,2922834655,217026182
1057,489,2749027700,217299523
1058,566,2899784921,219876227
1059,489,2735399650,216385269
1060,539,2815742886,219876227
1061,387,2646578500,159724465
1062,189,2607349898,194890587
1063,576,2685519021,219876227
1064,1110,2798758600,59523967
1065,425,2886185000,213351030
1066,275,1357449750,194890587
1067,244,2366614500,147428639
1068,629,2677284639,219876227
1069,446,2664941005,217299523
1070,306,2319696500,159724465
1071,699,3448213338,112805094
1072,797,2775096512,226678777
1073,337,2750911500,194890587
1074,308,2800001438,217299523
1075,844,3509742460,112805094
1076,79,2276651793,155398654
1077,670,3091861237,112805094
1078,224,3209682900,226678777
1079,356,2596533288,215068958
1080,1250,3006620490,60531087
1081,360,2248238000,194890587
1082,333,2413427097,147759214
1083,257,2547650425,155398654
1084,569,2902500310,226678777
1085,629,2527056200,216385269
1086,226,2310113761,194890587
1087,233,2442554625,219876227
1088,385,2247017000,213351030
1089,547,2417712700,219876227
1090,957,3026073660,60531087
1091,310,2358629601,194890587
1092,331,3055119748,217299523
1093,467,2637517406,217026182
1094,274,2452368566,194890587
1095,403,2466913080,217026182
1096,419,2392109800,215068958
1097,174,2481694139,155398654
1098,241,2443603500,159724465
1099,419,2395409500,215068958
1100,472,2679300500,216385269
1101,779,2777724520,59523967
1102,357,2458946200,217299523
1103,542,2538169440,219876227
1104,781,2515479835,219876227
1105,726,2776406321,226678777
1106,238,2321588076,155398654
1107,802,2565386140,226678777
1108,111,2432883900,219876227
1109,1056,2969004390,60531087
1110,664,2760845365,219876227
1111,185,2471953101,155398654
1112,434,2610929429,217299523
1113,406,2080468500,215068958
1114,538,2415830200,217026182
1115,365,2331900700,217299523
1116,437,2245548900,219876227
1117,343,2281559914,147759214
1118,563,2246950339,217299523
1119,340,2295897500,159724465
1120,226,2343962833,155398654
1121,196,2119345000,147428639
1122,83,1903393500,147428639
1123,221,2608608616,217026182
1124,300,2211711500,213351030
1125,1129,2848373410,112805094
1126,243,2671391900,216385269
1127,325,2318884500,159724465
1128,191,1791623000,147428639
1129,234,1955693500,147428639
1130,750,3119899670,60531087
1131,341,2246970700,215068958
1132,180,2103939884,155398654
1133,530,2647330400,216385269
1134,262,2380275031,155398654
1135,561,2685741879,217299523
1136,710,2844155830,60531087
1137,524,2438260213,217026182
1138,145,2133345728,155398654
1139,268,2655721096,147759214
1140,289,2006325000,213351030
1141,761,3175724270,60531087
1142,544,2320819700,216385269
1143,205,2327822465,215068958
1144,816,2572745100,226678777
1145,408,2246424729,217299523
1146,360,2156275800,217299523
1147,241,1961238000,194890587
1148,378,2174134123,215068958
1149,330,2175321000,217299523
1150,334,2122666230,194890587
1151,515,2221639712,217026182
1152,463,2140045000,194890587
1153,253,1957612000,194890587
1154,409,2323707051,217026182
1155,226,1997384500,159724465
1156,287,2105280679,213351030
1157,259,2066507505,147759214
1158,379,2225917646,215068958
1159,298,2198959500,194890587
1160,158,1869409000,147428639
1161,334,2165019514,155398654
1162,191,1965440000,147428639
1163,380,2101036200,217026182
1164,411,2293671495,217299523
1165,216,2309480475,155398654
1166,381,2146343510,226678777
1167,784,2303130090,226678777
1168,498,2258422445,217026182
1169,625,2327760190,226678777
1170,337,1886195121,147428639
1171,575,2286590955,216385269
1172,575,2113630240,226678777
1173,199,1863411167,147428639
1174,628,2203434149,216385269
1175,56,1854707334,147428639
1176,799,2608259370,59523967
1177,269,2106823000,194890587
1178,430,2099683100,217299523
1179,480,2158449889,217299523
1180,230,2025850507,147759214
1181,523,2124832300,217026182
1182,399,2162660589,215068958
1183,678,2269807670,226678777
1184,242,1873729372,155398654
1185,250,2205582600,219876227
1186,235,1993190500,194890587
1187,242,1781772500,147428639
1188,946,2614047325,112805094
1189,316,1823299000,213351030
1190,466,2141765014,219876227
1191,227,2138266900,216385269
1192,311,1777787000,147428639
1193,277,1804032000,194890587
1194,251,1947834107,155398654
1195,266,2099396881,147759214
1196,339,1969360500,194890587
1197,374,1913087600,213351030
1198,661,2329489119,216385269
1199,183,2099697500,159724465
1200,298,1807928000,213351030
1201,248,2034959293,194890587
1202,423,2016298400,217299523
1203,332,1764086000,213351030
1204,435,2082869000,217299523
1205,220,1696902333,147428639
1206,144,1769482593,147759214
1207,278,2346742100,216385269
1208,833,2256615278,226678777
1209,425,2015360478,217299523
1210,183,1988444689,219876227
1211,342,1883634000,213351030
1212,228,2017678800,219876227
1213,155,1629486000,147428639
1214,445,2088685200,217299523
1215,187,1885543600,217299523
1216,168,2370348500,159724465
1217,211,1882542699,147759214
1218,401,1997947292,217299523
1219,269,1930249000,159724465
1220,625,2062904275,226678777
1221,333,1762892500,213351030
1222,395,1891131320,215068958
1223,237,1818156353,155398654
1224,831,2307504720,60531087
1225,502,2027801239,217026182
1226,623,2055043430,226678777
1227,257,1534585000,147428639
1228,180,1571432000,147428639
1229,585,2322641159,112805094
1230,368,1950635763,217299523
1231,195,1576695833,147428639
1232,221,1685806671,155398654
1233,286,1788986817,147759214
1234,237,1614196833,147428639
1235,391,1740340000,159724465
1236,378,1875449247,215068958
1237,487,1800316000,216385269
1238,199,1617695541,155398654
1239,302,1679067434,213351030
1240,868,2342707702,112805094
1241,300,1824795453,215068958
1242,213,2125902300,216385269
1243,220,1592159556,147428639
1244,314,1810275500,194890587
1245,635,1897705564,219876227
1246,415,2267273653,217299523
1247,186,1770119256,147759214
1248,358,1752838200,215068958
1249,832,2195273900,60531087
1250,232,1827211000,159724465
1251,1420,2079737620,59523967
1252,317,1601300200,215068958
1253,297,1520048000,213351030
1254,517,1934052000,217026182
1255,408,1671046500,213351030
1256,360,1653084000,217299523
1257,399,1817437700,217026182
1258,366,1614867156,194890587
1259,909,2135396020,59523967
1260,190,1528213109,155398654
1261,1041,2242081480,112805094
1262,162,1551731322,155398654
1263,285,3895090540,112805094
1264,160,1611889133,147759214
1265,704,2322663799,112805094
1266,261,1938637400,216385269
1267,467,1643792033,217026182
1268,189,1701070326,147759214
1269,364,1890873700,216385269
1270,226,1782554000,159724465
1271,388,1741058200,215068958
1272,135,1481894577,155398654
1273,288,1710273500,194890587
1274,263,1622195700,215068958
1275,163,1483575500,147428639
1276,938,2157864790,60531087
1277,441,1746940500,219876227
1278,1082,1987680700,60531087
1279,327,1585872205,215068958
1280,402,1594113136,213351030
1281,302,1654554000,213351030
1282,363,1665251116,217299523
1283,751,2117120503,112805094
1284,226,1780640800,215068958
1285,573,1816281960,226678777
1286,211,1833626400,216385269
1287,728,2219351090,60531087
1288,230,1685788500,159724465
1289,252,1661141088,147759214
1290,269,1533830500,159724465
1291,251,1448857479,155398654
1292,390,1662172151,215068958
1293,291,1937118000,159724465
1294,211,1427488305,155398654
1295,386,1643911941,217299523
1296,436,1586417300,217299523
1297,602,1740310530,226678777
1298,171,1449559974,155398654
1299,512,1720083300,216385269
1300,213,1866384500,216385269
1301,278,1535913500,194890587
1302,314,1900914300,216385269
1303,290,1430168500,213351030
1304,226,1666463000,159724465
1305,328,1848297600,59523967
1306,445,1707251100,217026182
1307,148,1399298333,147428639
1308,345,1651783500,159724465
1309,125,1291833933,155398654
1310,375,1627646800,217026182
1311,220,1641619990,155398654
1312,486,1581375300,219876227
1313,609,1654715300,216385269
1314,544,1730262848,216385269
1315,254,1405676000,147428639
1316,528,1699642120,217026182
1317,569,1964276778,216385269
1318,699,1941940320,60531087
1319,970,2121245270,60531087
1320,209,1437267652,155398654
1321,174,1192710500,147428639
1322,263,1806714900,217026182
1323,1179,1896675540,59523967
1324,363,1546944100,215068958
1325,398,1706805153,217299523
1326,225,1572420641,147759214
1327,209,1420604500,147428639
1328,138,1489929119,155398654
1329,276,1817540600,226678777
1330,59,1378611255,147759214
1331,300,1430079500,194890587
1332,235,1559386698,155398654
1333,132,1361527833,147428639
1334,541,1470304580,226678777
1335,269,1570759500,159724465
1336,346,1560183200,215068958
1337,301,1453568500,194890587
1338,234,1434535500,194890587
1339,455,1525167980,226678777
1340,275,1485276000,213351030
1341,528,1576721000,219876227
1342,620,1784935221,226678777
1343,350,1472866700,217026182
1344,144,1560339000,159724465
1345,737,1596148590,226678777
1346,233,1541834737,147759214
1347,343,1861948000,194890587
1348,593,1896872490,60531087
1349,550,2131423768,112805094
1350,512,1553219230,226678777
1351,222,1283731833,147428639
1352,167,1182401000,147428639
1353,192,1657199988,216385269
1354,671,1631919600,226678777
1355,852,1981538862,112805094
1356,183,1298743667,147428639
1357,227,1409395900,159724465
1358,235,1441948678,147759214
1359,348,1505929300,217299523
1360,530,1746373250,226678777
1361,316,2152644900,159724465
1362,1174,1962767300,112805094
1363,493,1523609950,216385269
1364,356,1336010500,159724465
1365,66,1517735100,217026182
1366,343,1436861585,215068958
1367,262,1440264401,147759214
1368,305,1388412500,213351030
1369,532,1455461885,216385269
1370,219,1468359718,215068958
1371,343,1455808980,215068958
1372,832,1619781870,59523967
1373,220,1740245800,216385269
1374,435,1589180900,219876227
1375,494,1484010868,217026182
1376,202,1145569333,147428639
1377,512,1432145073,226678777
1378,297,1362962500,213351030
1379,511,1414494750,216385269
1380,142,1166701500,147428639
1381,247,1534923185,217299523
1382,428,1422971592,217299523
1383,874,1651188580,59523967
1384,315,1459727000,194890587
1385,146,1169112492,147428639
1386,409,1471118148,217299523
1387,454,1622789797,226678777
1388,900,1581839728,226678777
1389,341,1286203128,213351030
1390,588,1394555400,216385269
1391,294,1199693100,215068958
1392,463,1368372400,216385269
1393,224,1207951000,159724465
1394,212,1139152167,147428639
1395,601,1479789022,226678777
1396,189,1336206483,147759214
1397,283,1268117000,213351030
1398,201,1322285801,213351030
1399,233,1333438500,159724465
1400,449,1439444930,217299523
1401,175,1151134167,147428639
1402,882,1520624340,59523967
1403,707,1807207476,112805094
1404,442,1342081900,219876227
1405,283,1264356155,147759214
1406,166,1323984967,147759214
1407,173,1403639195,219876227
1408,166,1152676500,147428639
1409,139,1158686500,213351030
1410,480,1249977864,219876227
1411,168,1132095000,147428639
1412,206,1344639400,219876227
1413,397,1194180500,213351030
1414,120,1240599600,217026182
1415,658,1449660120,226678777
1416,305,1310414120,215068958
1417,150,1138316611,147428639
1418,126,1430044900,216385269
1419,200,1337699931,147759214
1420,838,1542513510,60531087
1421,326,1188673500,215068958
1422,624,1304861670,226678777
1423,616,1591633099,112805094
1424,1032,1650141610,112805094
1425,63,982898500,147428639
1426,582,1502022014,216385269
1427,217,1229743400,219876227
1428,297,1378084400,217299523
1429,235,1241827441,147759214
1430,474,1245426228,217026182
1431,906,1563530850,60531087
1432,460,1269463800,217026182
1433,349,1302220176,215068958
1434,220,1158654342,147759214
1435,300,1246420500,159724465
1436,224,1424601000,226678777
1437,351,1175560900,219876227
1438,277,1183524300,215068958
1439,184,1071505500,194890587
1440,126,1284084141,147759214
1441,251,1249754000,159724465
1442,107,1272487471,147759214
1443,83,1380191276,226678777
1444,292,1223151500,194890587
1445,189,1241613605,155398654
1446,324,1319649000,194890587
1447,341,1301387295,217299523
1448,432,1263319115,217299523
1449,204,1185994280,155398654
1450,904,1440020590,60531087
1451,419,1331883200,219876227
1452,168,971874013,147428639
1453,756,1473339250,112805094
1454,454,1205873200,216385269
1455,151,1044019000,147428639
1456,285,1140666500,159724465
1457,240,1223821000,159724465
1458,287,1113721000,159724465
1459,471,1177725658,219876227
1460,459,1149394400,219876227
1461,318,1163431200,217299523
1462,531,1333313141,216385269
1463,221,1167536970,147759214
1464,251,1138068500,215068958
1465,265,1123639000,194890587
1466,120,1286959338,59523967
1467,157,983901850,147428639
1468,344,1168000320,59523967
1469,227,1230501192,217299523
1470,320,1158358800,215068958
1471,111,1240660929,217299523
1472,362,1080423651,213351030
1473,425,1134639700,217026182
1474,153,1044040000,147428639
1475,208,1002069212,147428639
1476,372,1085388600,217299523
1477,511,1236582004,216385269
1478,449,1288754100,59523967
1479,497,1150732700,219876227
1480,308,1183887479,217299523
1481,87,1032246002,155398654
1482,427,1175424305,219876227
1483,470,1133511038,217026182
1484,172,975274000,147428639
1485,780,1230782480,60531087
1486,440,1157200562,217026182
1487,196,1123006998,147759214
1488,183,1014636235,147759214
1489,76,987877070,147759214
1490,380,1160889514,217026182
1491,162,1079070500,194890587
1492,240,1087284273,155398654
1493,163,1045217500,159724465
1494,904,1554615073,112805094
1495,734,1415370730,112805094
1496,81,984416100,213351030
1497,111,1182486219,226678777
1498,294,1109230600,217026182
1499,252,1096192800,217299523
1500,394,1112423247,217299523
1501,179,939320372,155398654
1502,231,1089135300,219876227
1503,626,1301043791,112805094
1504,254,1045638100,217026182
1505,545,1227953892,216385269
1506,327,1059405100,217299523
1507,612,1128159080,226678777
1508,238,999347500,194890587
1509,185,1064051540,147759214
1510,207,1030316900,213351030
1511,223,1036484500,194890587
1512,196,851004500,147428639
1513,109,1073229640,147759214
1514,414,1012286700,216385269
1515,154,937570000,159724465
1516,561,1094031140,226678777
1517,187,1046842179,147759214
1518,281,1090246148,216385269
1519,125,978723556,147759214
1520,232,1030484000,213351030
1521,232,1055895200,219876227
1522,585,1176173880,226678777
1523,109,917074253,155398654
1524,777,1200729450,60531087
1525,326,1008818235,217299523
1526,214,941056500,213351030
1527,312,1041049900,217026182
1528,208,981132000,159724465
1529,200,906299900,217026182
1530,918,1163773600,60531087
1531,329,1038675400,217026182
1532,241,1144142384,226678777
1533,436,993321176,219876227
1534,64,95399816,147759214
1535,246,1074763884,217026182
1536,214,1008669500,159724465
1537,100,951350362,155398654
1538,384,1054470664,217299523
1539,158,808603115,155398654
1540,293,966623000,213351030
1541,145,990122522,147759214
1542,131,978601985,155398654
1543,102,1394663380,147759214
1544,691,1300063130,60531087
1545,275,927494000,213351030
1546,180,1041911974,217299523
1547,205,1160249000,59523967
1548,180,948704000,159724465
1549,236,994042368,147759214
1550,211,981545863,147759214
1551,230,1234718589,155398654
1552,505,1254490750,60531087
1553,176,980053035,155398654
1554,214,812706500,147428639
1555,211,1449365627,147759214
1556,286,1053876130,215068958
1557,183,989894071,147759214
1558,473,1025381740,59523967
1559,215,999362100,219876227
1560,242,903835077,147759214
1561,575,1096657740,59523967
1562,228,838666517,155398654
1563,182,884709000,213351030
1564,199,955021220,147759214
1565,495,947059100,219876227
1566,199,1047223666,217026182
1567,128,991375900,217026182
1568,289,984605100,219876227
1569,227,919851783,215068958
1570,207,920899000,159724465
1571,454,987958600,219876227
1572,221,798922500,147428639
1573,393,911866950,219876227
1574,270,908114000,213351030
1575,179,800649684,147759214
1576,166,811159500,159724465
1577,661,1004751550,59523967
1578,116,739408802,155398654
1579,68,844521819,155398654
1580,234,875685400,219876227
1581,175,898812915,155398654
1582,754,1225528640,112805094
1583,226,915598500,213351030
1584,66,908579000,217299523
1585,372,951294340,60531087
1586,165,783743000,147428639
1587,262,1128635032,194890587
1588,317,973626809,226678777
1589,239,780545500,213351030
1590,278,934949800,217299523
1591,284,1220034300,112805094
1592,618,1068187980,112805094
1593,188,896131351,155398654
1594,159,872715162,155398654
1595,331,951843500,217299523
1596,167,996168400,217026182
1597,317,872397300,217026182
1598,92,984175500,219876227
1599,71,711793733,155398654
1600,334,905611600,219876227
1601,79,931810300,219876227
1602,609,932457150,59523967
1603,597,910471000,216385269
1604,461,1024464238,216385269
1605,190,868744643,147759214
1606,676,1016037190,59523967
1607,158,892025506,155398654
1608,1033,1156403110,112805094
1609,400,874198700,217026182
1610,124,897598000,219876227
1611,269,902982500,194890587
1612,237,862144800,194890587
1613,225,872350500,159724465
1614,75,801845296,147759214
1615,393,947192460,219876227
1616,160,878708580,147759214
1617,550,1107856560,60531087
1618,321,925995637,217299523
1619,213,890692400,226678777
1620,159,1470144870,147759214
1621,163,881895788,147759214
1622,239,860040500,159724465
1623,888,1065710980,60531087
1624,182,790848700,215068958
1625,835,1023084850,112805094
1626,699,968821831,112805094
1627,474,1076281490,112805094
1628,245,857214018,217299523
1629,750,979210720,60531087
1630,297,811031000,213351030
1631,155,868321954,216385269
1632,340,874447764,217299523
1633,109,856744246,217299523
1634,175,966956500,219876227
1635,168,733132023,155398654
1636,207,795721500,159724465
1637,229,759092000,194890587
1638,200,879140710,226678777
1639,277,948260200,59523967
1640,161,810563678,147759214
1641,260,906416500,216385269
1642,149,826704936,147759214
1643,594,937112800,59523967
1644,244,787235297,155398654
1645,130,784912681,147759214
1646,167,865600600,217026182
1647,171,771023500,159724465
1648,631,1082054550,60531087
1649,198,823353500,219876227
1650,536,891158713,216385269
1651,64,730776100,147428639
1652,361,846390353,217299523
1653,474,1004792719,112805094
1654,196,696504500,147428639
1655,389,860743700,216385269
1656,831,901717350,59523967
1657,233,814330000,215068958
1658,349,833925965,217299523
1659,258,765247500,213351030
1660,640,918989063,226678777
1661,310,830948100,215068958
1662,121,784134225,147759214
1663,693,928954870,60531087
1664,263,809982328,215068958
1665,81,716485106,147759214
1666,288,741722500,213351030
1667,455,1122947658,112805094
1668,349,835859900,215068958
1669,211,646062000,147428639
1670,508,850022957,226678777
1671,171,734954077,147759214
1672,331,739789500,194890587
1673,70,808287200,215068958
1674,222,730581233,147759214
1675,338,777703345,215068958
1676,393,818883545,217026182
1677,468,772685300,59523967
1678,276,871629560,59523967
1679,483,800099140,226678777
1680,272,830762100,219876227
1681,564,894409836,226678777
1682,199,647938167,147428639
1683,404,766608510,226678777
1684,447,780915420,226678777
1685,106,3129974000,59523967
1686,423,898461215,226678777
1687,480,777401607,226678777
1688,346,725030100,215068958
1689,570,840217440,59523967
1690,193,733528000,213351030
1691,268,725451071,213351030
1692,472,835560639,226678777
1693,208,820756100,216385269
1694,399,748936684,217299523
1695,67,821350384,217299523
1696,228,774683700,59523967
1697,344,731072500,217299523
1698,433,775611543,219876227
1699,458,744858200,216385269
1700,161,648950794,155398654
1701,665,1070700628,112805094
1702,205,736334100,219876227
1703,221,632768500,213351030
1704,95,577233283,155398654
1705,343,699788600,217299523
1706,158,718183268,147759214
1707,495,997038042,112805094
1708,223,772483500,219876227
1709,141,744966853,217299523
1710,73,790535650,217299523
1711,479,811686000,216385269
1712,186,704611404,155398654
1713,344,794126700,216385269
1714,556,793514560,226678777
1715,236,702418000,194890587
1716,591,780592310,59523967
1717,110,796847700,216385269
1718,497,761759275,219876227
1719,358,691794900,219876227
1720,163,703309748,147759214
1721,469,749609350,226678777
1722,196,1131832453,147759214
1723,422,764700600,217026182
1724,118,644989646,155398654
1725,191,695765500,194890587
1726,207,746326000,159724465
1727,638,899691250,112805094
1728,462,710905075,217026182
1729,317,764967500,217026182
1730,203,728391699,155398654
1731,144,636382007,155398654
1732,51,682581500,217026182
1733,342,700818300,219876227
1734,167,710375000,194890587
1735,232,758162200,219876227
1736,63,711080800,217026182
1737,88,721244232,217026182
1738,429,670314200,216385269
1739,350,737815900,216385269
1740,213,774580700,226678777
1741,603,858750700,60531087
1742,189,796864900,216385269
1743,692,799806070,60531087
1744,228,839493000,159724465
1745,153,746898500,226678777
1746,267,626891000,213351030
1747,122,623841500,147428639
1748,273,998413830,60531087
1749,72,772484972,217026182
1750,325,729147750,216385269
1751,457,805051420,226678777
1752,358,729980451,217299523
1753,239,855047000,159724465
1754,119,604032500,194890587
1755,120,2031919000,112805094
1756,351,738985181,217026182
1757,559,811786302,112805094
1758,424,652090360,226678777
1759,220,575174333,147428639
1760,136,569157500,147428639
1761,349,702878700,217299523
1762,213,631715500,159724465
1763,121,739368300,219876227
1764,203,598350500,147428639
1765,54,698549500,159724465
1766,514,817803025,112805094
1767,479,738851760,59523967
1768,166,676141000,159724465
1769,509,776591970,226678777
1770,193,653636700,217299523
1771,255,711736888,217026182
1772,179,660556169,194890587
1773,241,626952634,213351030
1774,245,636555090,194890587
1775,562,847134216,112805094
1776,563,784272200,59523967
1777,207,656849000,215068958
1778,442,680374040,226678777
1779,388,800891816,226678777
1780,540,735782970,226678777
1781,149,787515610,59523967
1782,100,585055618,147428639
1783,243,634870496,194890587
1784,349,686273900,219876227
1785,335,649386248,217299523
1786,299,674767406,217299523
1787,187,648304500,194890587
1788,366,696375860,226678777
1789,440,644661200,216385269
1790,278,669733800,215068958
1791,126,726925600,216385269
1792,255,633274600,217026182
1793,181,800972240,60531087
1794,263,592435000,217299523
1795,108,542600500,147428639
1796,290,651316335,217299523
1797,225,581200500,194890587
1798,269,969826000,159724465
1799,533,714892500,59523967
1800,243,574947000,194890587
1801,158,632634348,155398654
1802,179,646846900,216385269
1803,463,825147338,112805094
1804,301,588913100,215068958
1805,569,702123930,60531087
1806,90,656251800,219876227
1807,278,582030544,213351030
1808,255,639464500,217299523
1809,163,628575878,155398654
1810,345,650282748,215068958
1811,554,724854260,60531087
1812,631,712260330,60531087
1813,276,634595200,219876227
1814,348,634339900,217026182
1815,730,771154130,112805094
1816,274,639521850,216385269
1817,90,533355500,159724465
1818,319,599076600,219876227
1819,264,620874000,215068958
1820,329,593174100,215068958
1821,199,639959190,217026182
1822,59,664112100,217299523
1823,110,583702363,147759214
1824,210,591765000,159724465
1825,534,691188500,59523967
1826,354,621368822,217026182
1827,396,632806532,217026182
1828,141,525369500,159724465
1829,138,535856585,155398654
1830,164,582071200,219876227
1831,222,585768905,215068958
1832,598,709334190,112805094
1833,238,574836300,215068958
1834,140,620733200,219876227
1835,485,613273720,59523967
1836,241,744749950,112805094
1837,308,707930599,60531087
1838,191,502754000,213351030
1839,156,570842804,155398654
1840,343,565456600,219876227
1841,308,604885528,217299523
1842,290,624513020,217299523
1843,207,629716963,217299523
1844,465,646127100,216385269
1845,297,616132846,217299523
1846,97,524571500,147428639
1847,69,716149880,60531087
1848,331,580257218,215068958
1849,194,607414281,215068958
1850,133,505925500,147428639
1851,220,575770952,147759214
1852,232,602296908,217299523
1853,529,586584249,226678777
1854,117,602152720,217299523
1855,387,588233900,217026182
1856,248,765928300,60531087
1857,130,544846000,217026182
1858,130,535685529,155398654
1859,396,581005200,219876227
1860,297,591516497,217299523
1861,144,502498186,155398654
1862,227,535668500,194890587
1863,287,543025047,215068958
1864,142,479093000,159724465
1865,212,519832169,155398654
1866,123,531113700,215068958
1867,199,474493500,147428639
1868,197,465317000,213351030
1869,143,553415176,147759214
1870,269,639495500,194890587
1871,260,542739500,159724465
1872,337,570154035,217299523
1873,57,565928536,215068958
1874,167,478767000,219876227
1875,144,501607000,194890587
1876,656,703603870,60531087
1877,207,599904700,226678777
1878,400,562559660,59523967
1879,139,396603500,147428639
1880,206,630556300,59523967
1881,405,527390400,226678777
1882,129,467412333,147428639
1883,160,466837500,147428639
1884,479,570203561,219876227
1885,252,615471500,59523967
1886,183,567567100,217026182
1887,180,521639900,215068958
1888,182,464078500,213351030
1889,181,511705000,159724465
1890,70,560752570,215068958
1891,319,534041027,215068958
1892,169,578129700,219876227
1893,287,506194300,215068958
1894,198,497511000,213351030
1895,133,471961500,147428639
1896,517,716490477,112805094
1897,232,521600500,159724465
1898,282,525099600,217026182
1899,131,460975000,147428639
1900,196,517805000,159724465
1901,120,474010500,159724465
1902,465,592223200,59523967
1903,164,420417500,217026182
1904,203,600495500,216385269
1905,196,571543200,215068958
1906,175,497645200,217026182
1907,375,548544928,217026182
1908,393,516736500,217026182
1909,249,520639800,215068958
1910,169,531249500,194890587
1911,168,436273333,147428639
1912,384,535351276,217026182
1913,138,517283443,215068958
1914,283,430554000,213351030
1915,170,464636012,155398654
1916,163,495574500,213351030
1917,687,636265902,112805094
1918,164,448114500,147428639
1919,260,547011500,216385269
1920,212,594373400,216385269
1921,459,539843170,226678777
1922,104,465953500,147428639
1923,132,454199063,155398654
1924,93,378219576,147759214
1925,358,455696500,217026182
1926,311,467982500,159724465
1927,338,522938900,217026182
1928,300,492135000,213351030
1929,216,643986900,60531087
1930,163,461082900,217026182
1931,139,483993392,147759214
1932,240,497089500,159724465
1933,200,518700000,159724465
1934,375,521471618,219876227
1935,463,549455880,59523967
1936,370,501257700,219876227
1937,119,430338300,217026182
1938,143,499069256,147759214
1939,123,497782500,159724465
1940,158,486356000,219876227
1941,205,472974485,147759214
1942,80,498314500,159724465
1943,62,537321900,219876227
1944,198,533506821,217026182
1945,117,470090587,147759214
1946,150,509942200,216385269
1947,129,403351000,147428639
1948,219,477101900,217299523
1949,502,550382680,60531087
1950,84,439232122,147759214
1951,406,497447800,217026182
1952,202,506405000,226678777
1953,383,626419340,60531087
1954,275,452103666,194890587
1955,272,492878500,217299523
1956,587,567401256,112805094
1957,318,468260500,215068958
1958,356,659268147,112805094
1959,532,534479660,60531087
1960,135,441475500,219876227
1961,96,462290000,219876227
1962,159,455595500,159724465
1963,91,671267500,112805094
1964,260,502071959,217299523
1965,103,1240019100,112805094
1966,235,495343360,217299523
1967,269,506367410,226678777
1968,126,466314324,147759214
1969,817,546115880,59523967
1970,148,461937500,159724465
1971,484,537986260,226678777
1972,135,468775973,147759214
1973,355,538180880,60531087
1974,107,448097918,147759214
1975,59,435800211,213351030
1976,455,540193280,112805094
1977,267,431890800,217299523
1978,318,461765400,217299523
1979,155,361596000,217026182
1980,160,439400000,159724465
1981,145,404919500,219876227
1982,166,463049500,159724465
1983,131,521563250,59523967
1984,367,583090210,60531087
1985,85,637621000,194890587
1986,192,366202000,213351030
1987,123,459904690,147759214
1988,103,590209500,159724465
1989,397,459566121,217026182
1990,465,558760590,226678777
1991,237,479242383,215068958
1992,314,601780660,112805094
1993,123,401669000,159724465
1994,157,473137500,159724465
1995,581,572962108,112805094
1996,191,481474700,216385269
1997,204,455583000,215068958
1998,141,451282315,147759214
1999,145,407039802,155398654
2000,177,386362000,147428639
2001,183,405278000,215068958
2002,184,486987900,226678777
2003,207,457902700,219876227
2004,124,407827500,159724465
2005,57,656057000,112805094
2006,458,491149590,60531087
2007,67,360506500,147428639
2008,310,462652100,217026182
2009,352,447097100,217299523
2010,284,469303200,216385269
2011,235,493655240,226678777
2012,162,349288000,217026182
2013,68,501031000,216385269
2014,104,414028200,217026182
2015,75,476877300,217299523
2016,335,399517800,216385269
2017,390,438539500,219876227
2018,490,467136418,216385269
2019,148,440189148,147759214
2020,84,357938000,147428639
2021,84,454117600,215068958
2022,128,362535000,159724465
2023,133,438976092,219876227
2024,258,410518600,217026182
2025,163,461964100,226678777
2026,75,388157352,155398654
2027,309,426338305,217299523
2028,235,385525000,194890587
2029,226,462748450,216385269
2030,240,482594500,59523967
2031,147,444391340,226678777
2032,233,451041300,217299523
2033,534,427992700,216385269
2034,314,401768900,219876227
2035,142,384464000,217299523
2036,104,422603000,159724465
2037,182,418236500,159724465
2038,213,425994300,217026182
2039,381,416593300,217026182
2040,176,440059500,217026182
2041,56,464727700,217026182
2042,128,405424788,155398654
2043,279,434148000,219876227
2044,353,454055200,217026182
2045,669,511072350,60531087
2046,506,501754120,60531087
2047,423,445726660,59523967
2048,200,384196324,194890587
2049,173,384064500,194890587
2050,219,410361400,217026182
2051,488,456558262,226678777
2052,186,394724176,194890587
2053,384,502081439,112805094
2054,86,405905100,215068958
2055,71,408105790,219876227
2056,109,431623800,219876227
2057,531,489650813,112805094
2058,462,473919360,59523967
2059,227,362895100,217299523
2060,149,379972500,194890587
2061,53,412946426,147759214
2062,55,462165900,216385269
2063,359,425521049,219876227
2064,107,1667323500,112805094
2065,143,364990500,213351030
2066,158,391905272,217299523
2067,178,393549500,194890587
2068,155,326514500,147428639
2069,472,411511600,216385269
2070,134,393501207,147759214
2071,208,410015145,215068958
2072,179,368939500,213351030
2073,608,509775750,60531087
2074,279,403435581,217299523
2075,181,388949159,147759214
2076,139,373288500,159724465
2077,229,343590000,213351030
2078,128,360928100,159724465
2079,649,477691320,60531087
2080,210,383427600,217299523
2081,395,393548500,219876227
2082,344,372308920,226678777
2083,631,451260690,59523967
2084,117,404070500,159724465
2085,233,334512500,213351030
2086,121,391822268,147759214
2087,183,349260500,213351030
2088,454,428533870,59523967
2089,64,384597200,213351030
2090,172,390480657,155398654
2091,126,339420521,155398654
2092,125,369070500,159724465
2093,344,359247800,217299523
2094,170,344139500,194890587
2095,125,309567000,147428639
2096,67,380102144,194890587
2097,174,367519589,194890587
2098,330,391358700,219876227
2099,111,419172070,59523967
2100,312,391633862,217026182
2101,181,386723800,216385269
2102,185,391554441,215068958
2103,432,464892418,112805094
2104,178,357783500,194890587
2105,197,390872600,215068958
2106,163,382413600,219876227
2107,197,355743500,194890587
2108,309,383521050,216385269
2109,353,357110870,226678777
2110,511,456301840,60531087
2111,540,416928590,112805094
2112,345,374780620,226678777
2113,100,945326500,217026182
2114,185,412749800,217299523
2115,202,328922100,215068958
2116,459,471587590,112805094
2117,153,331287500,159724465
2118,184,365262000,194890587
2119,536,360833100,216385269
2120,99,322437449,155398654
2121,104,381394300,219876227
2122,393,361142800,217026182
2123,389,440210098,112805094
2124,94,382361800,219876227
2125,132,308898000,147428639
2126,301,373727300,216385269
2127,151,367961600,217026182
2128,345,373587080,216385269
2129,329,365164300,217026182
2130,172,315291000,213351030
2131,398,362053440,219876227
2132,68,475994367,112805094
2133,110,387190200,216385269
2134,139,302933039,155398654
2135,185,369943170,226678777
2136,347,318986200,216385269
2137,169,328321000,213351030
2138,264,356672000,217299523
2139,182,358863117,215068958
2140,130,391356600,217026182
2141,255,379765400,217299523
2142,163,367661000,159724465
2143,237,336281100,217026182
2144,361,350293300,219876227
2145,212,375796900,217299523
2146,398,366642382,219876227
2147,235,364773900,219876227
2148,239,399211211,217026182
2149,67,292826223,147759214
2150,172,367484200,217026182
2151,175,355182700,215068958
2152,129,269711500,213351030
2153,365,343444743,217299523
2154,150,425106500,159724465
2155,55,370462100,215068958
2156,348,384940000,60531087
2157,112,339506355,147759214
2158,124,343990100,159724465
2159,58,359688000,215068958
2160,257,347188800,215068958
2161,149,317454000,219876227
2162,167,308009500,194890587
2163,83,299909870,155398654
2164,62,299701000,147428639
2165,182,329194000,159724465
2166,73,274083506,155398654
2167,94,397411880,226678777
2168,186,375492420,59523967
2169,159,274928000,194890587
2170,61,292857989,147759214
2171,154,328678600,219876227
2172,142,329594500,194890587
2173,213,288856500,213351030
2174,262,292117500,213351030
2175,275,298917500,213351030
2176,242,329325300,216385269
2177,185,284904682,155398654
2178,445,358501960,226678777
2179,226,365356000,194890587
2180,69,349482500,217299523
2181,270,343663400,217026182
2182,244,320445000,217026182
2183,603,386265079,112805094
2184,209,288773500,215068958
2185,291,313204669,215068958
2186,282,313238400,217299523
2187,85,348527658,59523967
2188,109,289733200,226678777
2189,310,418848670,60531087
2190,90,295722305,155398654
2191,188,365579100,226678777
2192,373,330035500,226678777
2193,312,293359100,219876227
2194,197,360330700,226678777
2195,530,405310110,112805094
2196,148,282088000,194890587
2197,244,298122000,213351030
2198,192,355683500,226678777
2199,330,361863130,60531087
2200,172,338294000,219876227
2201,208,358073700,112805094
2202,51,326252373,215068958
2203,164,281533000,194890587
2204,184,326677800,217299523
2205,55,331259019,226678777
2206,69,340627562,59523967
2207,153,272603561,155398654
2208,106,319839451,226678777
2209,138,334601400,226678777
2210,341,316642549,217026182
2211,489,434889910,60531087
2212,129,335244700,215068958
2213,153,286388500,213351030
2214,120,265974349,155398654
2215,262,371383720,60531087
2216,586,367022560,60531087
2217,294,312710450,216385269
2218,457,332232550,216385269
2219,287,336004700,217026182
2220,135,223255000,147428639
2221,156,328887800,216385269
2222,109,238486628,147428639
2223,176,296750000,194890587
2224,179,304965000,159724465
2225,85,317605400,219876227
2226,294,392045950,112805094
2227,461,401511820,112805094
2228,52,282855905,155398654
2229,171,284739000,159724465
2230,702,417212150,60531087
2231,222,291706400,217299523
2232,250,309895732,217299523
2233,134,288871700,219876227
2234,252,324426800,217299523
2235,80,412084900,147759214
2236,110,426317000,60531087
2237,239,310087419,217299523
2238,67,235596482,155398654
2239,133,281331000,213351030
2240,84,412379000,194890587
2241,133,281712000,194890587
2242,63,277970000,194890587
2243,54,286887260,226678777
2244,124,506274000,59523967
2245,198,371142810,60531087
2246,161,376714390,112805094
2247,117,231309430,155398654
2248,155,328164828,226678777
2249,68,316162730,226678777
2250,68,321184080,226678777
2251,100,280704500,217026182
2252,185,272411000,213351030
2253,327,288215300,217026182
2254,344,275767940,226678777
2255,390,297315300,217026182
2256,137,281738000,217299523
2257,475,326106570,59523967
2258,94,285103000,219876227
2259,213,282006700,217026182
2260,139,269751500,159724465
2261,121,321863500,216385269
2262,196,284085200,217299523
2263,230,245845000,215068958
2264,118,291521943,219876227
2265,331,292593700,216385269
2266,103,264399000,217026182
2267,233,282157800,216385269
2268,161,302483000,216385269
2269,548,343858500,60531087
2270,242,284458700,217299523
2271,172,258658000,213351030
2272,231,241928500,213351030
2273,264,316405720,59523967
2274,420,304956040,59523967
2275,183,231294000,213351030
2276,100,270820700,215068958
2277,236,275138600,215068958
2278,303,259903900,216385269
2279,99,240929500,213351030
2280,278,295958562,219876227
2281,69,385817000,159724465
2282,128,326377250,59523967
2283,278,295604100,219876227
2284,459,339811980,112805094
2285,262,278391600,216385269
2286,542,315397350,60531087
2287,505,306118500,59523967
2288,175,335050390,112805094
2289,103,261313500,194890587
2290,253,273761253,217299523
2291,202,305497430,226678777
2292,65,284650500,217299523
2293,74,470027900,219876227
2294,171,230047000,159724465
2295,69,281591580,226678777
2296,241,248003600,217026182
2297,271,279455400,219876227
2298,103,264523800,217026182
2299,98,287148600,219876227
2300,119,287360000,219876227
2301,209,340307750,60531087
2302,124,225133182,147759214
2303,169,257847427,155398654
2304,561,301323110,112805094
2305,170,337548850,60531087
2306,211,248074100,219876227
2307,113,248335570,194890587
2308,64,214695202,155398654
2309,155,294851000,216385269
2310,156,331549100,112805094
2311,338,276934100,216385269
2312,128,250644579,213351030
2313,191,275814950,226678777
2314,219,284555179,219876227
2315,96,249592600,217026182
2316,288,274920900,219876227
2317,194,249884600,215068958
2318,305,254692500,216385269
2319,253,271122300,217026182
2320,455,239876830,112805094
2321,156,263526895,219876227
2322,230,259877400,219876227
2323,355,297167000,59523967
2324,149,323859210,112805094
2325,166,231885500,213351030
2326,61,272826500,219876227
2327,201,240103112,194890587
2328,198,257709000,194890587
2329,209,242862400,217299523
2330,80,214900500,215068958
2331,226,297426600,112805094
2332,64,326148634,112805094
2333,309,254945754,217026182
2334,347,363383731,112805094
2335,252,236688561,217299523
2336,121,284739300,216385269
2337,131,330369600,60531087
2338,93,255344020,215068958
2339,284,290132400,112805094
2340,65,307797026,112805094
2341,313,255329200,216385269
2342,262,243970300,217026182
2343,101,219920268,155398654
2344,53,254585599,215068958
2345,307,230410600,219876227
2346,66,245615780,226678777
2347,174,262940000,226678777
2348,157,263405900,217026182
2349,210,253214200,217026182
2350,111,219661100,215068958
2351,417,245549900,226678777
2352,134,227941500,213351030
2353,288,233692400,217026182
2354,257,288130965,226678777
2355,154,272160000,60531087
2356,265,265933700,59523967
2357,162,181261000,147428639
2358,90,239464980,60531087
2359,133,218859600,215068958
2360,104,250925125,219876227
2361,53,246408200,215068958
2362,116,214069351,155398654
2363,172,200763553,155398654
2364,82,236604147,213351030
2365,97,235872600,215068958
2366,111,214792200,216385269
2367,124,242177173,219876227
2368,449,300531316,112805094
2369,101,265102800,219876227
2370,181,229523200,215068958
2371,258,204586840,226678777
2372,100,208824862,217026182
2373,53,245996534,216385269
2374,103,213966000,194890587
2375,56,370268000,219876227
2376,177,314722700,112805094
2377,199,220476900,215068958
2378,356,267143090,112805094
2379,160,252405500,159724465
2380,231,229998100,216385269
2381,123,241875000,219876227
2382,234,226048755,215068958
2383,72,200250500,213351030
2384,67,190809329,155398654
2385,54,256267223,216385269
2386,162,210268100,215068958
2387,102,234331200,217026182
2388,220,277286160,112805094
2389,320,228351400,217026182
2390,94,205455300,219876227
2391,62,200488795,147759214
2392,130,208654500,194890587
2393,183,242917500,60531087
2394,149,260261400,216385269
2395,205,227794500,59523967
2396,268,205281965,217299523
2397,73,217597690,226678777
2398,151,239275800,219876227
2399,110,293037800,112805094
2400,276,231968300,216385269
2401,202,210117000,215068958
2402,355,212967300,219876227
2403,55,212428000,217299523
2404,128,260023700,216385269
2405,264,229649450,226678777
2406,160,223314380,155398654
2407,63,311073359,112805094
2408,158,239323800,219876227
2409,360,233916700,226678777
2410,378,234421860,59523967
2411,309,220886363,219876227
2412,392,238258460,59523967
2413,236,239098800,112805094
2414,137,206464500,159724465
2415,155,225815700,226678777
2416,173,207059400,217299523
2417,99,230315537,219876227
2418,99,205346000,215068958
2419,235,265499680,60531087
2420,295,222928260,226678777
2421,361,236627200,216385269
2422,253,236253000,59523967
2423,98,210398500,219876227
2424,126,196383500,217026182
2425,231,212849500,217299523
2426,52,219393320,226678777
2427,57,251874100,217026182
2428,273,199496700,216385269
2429,252,204365150,216385269
2430,205,176547500,147428639
2431,64,195549400,219876227
2432,241,240495330,59523967
2433,79,213810500,216385269
2434,181,244731000,59523967
2435,57,214232793,155398654
2436,161,208570700,217299523
2437,167,214871800,219876227
2438,370,213149361,219876227
2439,331,215124500,219876227
2440,97,209419509,194890587
2441,204,232298500,59523967
2442,198,208760620,59523967
2443,104,165671000,213351030
2444,58,350183800,219876227
2445,220,215918400,217299523
2446,291,192443400,217026182
2447,308,227902740,60531087
2448,304,190654000,59523967
2449,89,214955800,217299523
2450,184,200197000,217299523
2451,85,215575038,219876227
2452,172,209372437,219876227
2453,320,185274100,216385269
2454,122,220051200,217026182
2455,390,208532200,216385269
2456,240,204452450,216385269
2457,344,258069720,60531087
2458,62,197192477,194890587
2459,51,211780800,217299523
2460,218,190969220,60531087
2461,65,220783373,226678777
2462,97,209835243,219876227
2463,150,184568800,219876227
2464,135,208444600,219876227
2465,141,197366500,194890587
2466,113,232190200,216385269
2467,179,231152000,59523967
2468,291,252680700,60531087
2469,137,169120500,147428639
2470,144,195806000,194890587
2471,176,170417700,217026182
2472,134,189538028,147759214
2473,136,164250500,213351030
2474,249,197286000,217299523
2475,453,240024088,112805094
2476,293,177884400,219876227
2477,210,198413200,60531087
2478,187,175915000,59523967
2479,132,211727600,216385269
2480,111,220860000,216385269
2481,205,223583600,60531087
2482,277,177914300,219876227
2483,167,206296600,216385269
2484,151,208513400,226678777
2485,345,193213180,226678777
2486,88,156505500,147428639
2487,143,187512404,155398654
2488,371,205547428,216385269
2489,55,189858500,215068958
2490,168,199069400,219876227
2491,131,201673000,219876227
2492,423,215172610,60531087
2493,142,195675600,215068958
2494,372,194472710,226678777
2495,521,228699190,112805094
2496,177,226353600,112805094
2497,574,211759310,59523967
2498,56,250770840,112805094
2499,68,191946500,194890587
2500,354,168413700,216385269
2501,93,285487800,112805094
2502,117,230971600,59523967
2503,257,166040900,215068958
2504,297,183017360,112805094
2505,66,219618070,226678777
2506,171,225358800,59523967
2507,97,182534000,216385269
2508,106,192729750,216385269
2509,188,173948100,215068958
2510,288,173938100,219876227
2511,226,174676220,226678777
2512,195,203932200,112805094
2513,276,216277970,112805094
2514,135,132193500,216385269
2515,662,213920730,59523967
2516,108,192162100,217026182
2517,484,191500920,59523967
2518,244,200356300,219876227
2519,252,195207320,59523967
2520,83,197982660,226678777
2521,74,187057500,217026182
2522,112,193578000,219876227
2523,172,180633800,217026182
2524,82,192575800,217299523
2525,266,206605250,216385269
2526,300,210773266,112805094
2527,158,163408600,159724465
2528,257,170800400,219876227
2529,86,198890200,219876227
2530,249,187911838,217026182
2531,232,217208100,112805094
2532,126,178371100,217299523
2533,80,190702421,217299523
2534,276,173778600,216385269
2535,367,201223160,59523967
2536,176,224395015,112805094
2537,61,191400120,226678777
2538,71,189774200,215068958
2539,52,178217662,213351030
2540,67,190909700,219876227
2541,222,191976100,112805094
2542,322,202646600,59523967
2543,182,200542300,60531087
2544,129,195312120,59523967
2545,81,184033000,215068958
2546,123,154680500,112805094
2547,250,205969860,60531087
2548,293,199801000,226678777
2549,327,183948470,112805094
2550,53,195684333,215068958
2551,82,189951700,59523967
2552,201,179611300,215068958
2553,69,191148000,217299523
2554,138,165071000,215068958
2555,60,172018500,217026182
2556,110,183431765,219876227
2557,108,145151000,194890587
2558,179,185898900,219876227
2559,57,190028160,226678777
2560,460,184842950,59523967
2561,449,204423420,60531087
2562,145,155824700,219876227
2563,241,181383750,217026182
2564,153,183393500,219876227
2565,324,187789720,226678777
2566,336,192061580,59523967
2567,410,217795380,112805094
2568,145,185457800,216385269
2569,297,195118110,112805094
2570,366,175757640,226678777
2571,240,162162200,217299523
2572,257,178325100,216385269
2573,82,213410735,147759214
2574,172,161959057,194890587
2575,77,173034400,215068958
2576,515,178670250,59523967
2577,162,162716000,213351030
2578,108,194693700,216385269
2579,66,134696500,216385269
2580,332,160437700,219876227
2581,453,206731300,59523967
2582,162,178555800,216385269
2583,233,168968800,216385269
2584,53,174436800,219876227
2585,182,187345700,226678777
2586,159,159384500,213351030
2587,76,150586369,155398654
2588,97,171942900,219876227
2589,175,194889200,112805094
2590,218,155242500,60531087
2591,332,183107900,216385269
2592,124,231532500,112805094
2593,372,189578960,59523967
2594,244,163700300,217026182
2595,56,181726300,216385269
2596,141,137625200,59523967
2597,112,168546500,217299523
2598,246,153909000,219876227
2599,252,142006500,147428639
2600,210,165237000,215068958
2601,76,164274900,213351030
2602,76,164947600,217299523
2603,156,181653600,216385269
2604,494,178046740,60531087
2605,168,164797700,216385269
2606,186,149655900,215068958
2607,140,173610195,216385269
2608,103,168599600,219876227
2609,372,167524990,226678777
2610,120,163320500,194890587
2611,133,179994602,59523967
2612,186,162031200,217026182
2613,124,173844100,217026182
2614,115,136849632,155398654
2615,165,169017300,219876227
2616,354,179135260,59523967
2617,145,168643231,217299523
2618,156,135610600,219876227
2619,192,148292600,215068958
2620,53,166422300,215068958
2621,70,181560450,216385269
2622,214,174140400,216385269
2623,80,173620027,216385269
2624,63,233201967,112805094
2625,239,157001100,219876227
2626,168,169760400,216385269
2627,112,138415038,155398654
2628,222,210795200,112805094
2629,87,133077000,213351030
2630,68,153395877,147759214
2631,165,181933920,59523967
2632,348,162670896,112805094
2633,142,150308500,159724465
2634,197,208721573,112805094
2635,68,171864157,216385269
2636,322,153622020,226678777
2637,79,150391500,213351030
2638,187,155570400,217026182
2639,382,176181960,59523967
2640,200,172588940,59523967
2641,197,153832670,112805094
2642,374,174220200,60531087
2643,59,147129809,217026182
2644,91,133926800,215068958
2645,52,161215143,147759214
2646,215,162083100,59523967
2647,363,165102500,60531087
2648,107,165388288,226678777
2649,66,127694500,213351030
2650,53,155762798,217299523
2651,125,163679600,219876227
2652,135,158734000,219876227
2653,154,139215138,213351030
2654,76,136608300,215068958
2655,85,162979210,226678777
2656,57,173409766,216385269
2657,387,166586500,60531087
2658,71,166987960,59523967
2659,171,141102068,194890587
2660,232,144149940,59523967
2661,66,150557480,147759214
2662,146,150538820,226678777
2663,326,154121050,216385269
2664,121,124977000,194890587
2665,56,160639200,217026182
2666,190,169848800,112805094
2667,108,111262080,226678777
2668,56,152139100,216385269
2669,108,121383600,215068958
2670,92,147212500,215068958
2671,265,148474640,226678777
2672,138,135780500,213351030
2673,85,156603300,217026182
2674,199,151165500,217026182
2675,81,148370000,194890587
2676,51,148342200,217299523
2677,111,124562500,147428639
2678,123,151967000,217026182
2679,202,169259176,112805094
2680,245,129228400,219876227
2681,78,166464110,226678777
2682,378,167960050,60531087
2683,169,157346280,59523967
2684,112,166459680,226678777
2685,117,123582500,213351030
2686,144,140161000,215068958
2687,123,193259734,112805094
2688,87,134969280,226678777
2689,110,130641500,159724465
2690,51,126378400,215068958
2691,59,135668849,155398654
2692,158,146025800,219876227
2693,76,144975500,159724465
2694,64,155547810,226678777
2695,51,126613193,155398654
2696,83,188961979,112805094
2697,317,138398000,216385269
2698,56,164247600,112805094
2699,206,148749900,217026182
2700,56,160073700,60531087
2701,168,140655508,219876227
2702,360,200760639,112805094
2703,139,149648439,219876227
2704,65,163265600,112805094
2705,126,89922500,59523967
2706,445,156107670,60531087
2707,60,133034770,60531087
2708,161,132866700,217299523
2709,53,153765000,216385269
2710,212,129357400,219876227
2711,521,165586380,60531087
2712,149,153698800,216385269
2713,372,138525250,59523967
2714,137,147645500,219876227
2715,273,124899500,216385269
2716,136,119383200,215068958
2717,217,159255200,112805094
2718,244,129230400,59523967
2719,186,121651444,155398654
2720,143,141042885,217299523
2721,161,143676000,217026182
2722,229,142090200,219876227
2723,64,135409000,159724465
2724,179,127508200,215068958
2725,127,139064300,217299523
2726,120,134005500,215068958
2727,142,138541700,219876227
2728,151,145902200,217026182
2729,128,140509000,217026182
2730,63,127495500,213351030
2731,313,135684500,60531087
2732,146,151711600,216385269
2733,135,134945900,219876227
2734,216,125199550,216385269
2735,186,140937500,59523967
2736,178,147817410,226678777
2737,425,146373400,59523967
2738,92,119875500,217026182
2739,57,152082580,59523967
2740,150,140251925,217026182
2741,167,151798300,216385269
2742,130,98410500,215068958
2743,166,137324715,215068958
2744,294,154197940,59523967
2745,276,122959900,216385269
2746,227,126186700,219876227
2747,156,126046400,217299523
2748,166,153885800,226678777
2749,95,100685000,194890587
2750,194,134249300,215068958
2751,103,138505400,217299523
2752,132,115794000,194890587
2753,94,129079300,217299523
2754,199,119762600,215068958
2755,302,120340400,216385269
2756,160,135549900,216385269
2757,90,334554000,60531087
2758,179,137025800,217299523
2759,333,177589066,112805094
2760,57,91693000,159724465
2761,181,138765300,112805094
2762,122,137501480,112805094
2763,54,113444000,215068958
2764,54,75398600,219876227
2765,184,115993260,226678777
2766,55,147295066,216385269
2767,113,154650500,112805094
2768,107,113583500,194890587
2769,94,119852600,213351030
2770,75,171432000,194890587
2771,268,120931600,216385269
2772,84,121079000,216385269
2773,209,141292000,112805094
2774,101,125565919,215068958
2775,223,141698200,59523967
2776,81,115425000,217026182
2777,75,133623472,59523967
2778,105,129175200,219876227
2779,74,127687241,147759214
2780,165,123233800,215068958
2781,280,122931400,216385269
2782,143,141565800,216385269
2783,207,117475900,216385269
2784,77,125582300,215068958
2785,88,107018251,147759214
2786,219,120614100,219876227
2787,73,120816190,226678777
2788,119,107393800,60531087
2789,116,124110170,112805094
2790,117,175253000,60531087
2791,150,119098500,217026182
2792,77,120601500,217026182
2793,92,114484452,147759214
2794,162,129475600,59523967
2795,380,128698360,59523967
2796,300,125617200,216385269
2797,117,141669640,60531087
2798,203,122840172,219876227
2799,68,117270720,226678777
2800,97,104079500,219876227
2801,114,114264000,216385269
2802,155,143259400,60531087
2803,314,113205980,226678777
2804,174,149305000,112805094
2805,154,103627100,216385269
2806,123,118503900,217299523
2807,178,105367100,215068958
2808,69,122123000,217026182
2809,117,129098700,226678777
2810,117,119414000,215068958
2811,182,123204940,59523967
2812,60,143383430,59523967
2813,131,107401000,194890587
2814,237,111951960,226678777
2815,203,122427400,60531087
2816,117,113072000,194890587
2817,267,129246670,60531087
2818,147,200750000,60531087
2819,422,120684750,59523967
2820,61,161329000,194890587
2821,265,132609660,60531087
2822,235,104193000,215068958
2823,200,120082336,219876227
2824,104,108464000,217299523
2825,320,129813510,60531087
2826,176,110213300,217299523
2827,205,116603200,217026182
2828,97,138444540,60531087
2829,182,118488500,59523967
2830,171,120829530,226678777
2831,322,125136310,60531087
2832,76,139987850,59523967
2833,110,110482700,215068958
2834,266,128787720,112805094
2835,179,99754800,112805094
2836,227,106064760,59523967
2837,175,106383150,216385269
2838,123,140091110,60531087
2839,76,111779483,147759214
2840,91,112466200,217299523
2841,298,122284190,226678777
2842,71,122340770,226678777
2843,108,141985100,60531087
2844,104,118749200,226678777
2845,86,114188400,217026182
2846,126,113076354,215068958
2847,125,113253541,219876227
2848,104,112899538,217026182
2849,158,105627180,60531087
2850,136,114322000,216385269
2851,92,120752500,216385269
2852,138,112552000,226678777
2853,157,109191540,59523967
2854,138,115698700,217026182
2855,82,101887000,213351030
2856,136,118693400,216385269
2857,121,99333600,226678777
2858,54,105233300,215068958
2859,174,116930250,226678777
2860,167,124515619,226678777
2861,94,95213128,213351030
2862,96,114343700,217026182
2863,228,112188400,217026182
2864,143,100778300,217299523
2865,128,94716000,213351030
2866,79,115372096,226678777
2867,180,113072030,60531087
2868,235,109649600,216385269
2869,171,99741700,219876227
2870,67,112007100,217299523
2871,134,123216580,226678777
2872,78,90700500,112805094
2873,131,93817000,213351030
2874,93,115387000,217026182
2875,98,104133900,216385269
2876,90,85848000,147428639
2877,112,116128670,112805094
2878,272,127992070,112805094
2879,221,101176750,226678777
2880,52,108695700,217026182
2881,130,110353198,226678777
2882,51,94173691,155398654
2883,148,128187100,60531087
2884,88,103660500,215068958
2885,74,94353500,217299523
2886,62,97192628,155398654
2887,107,104827700,217026182
2888,75,94348000,194890587
2889,92,94305800,112805094
2890,116,120357330,59523967
2891,223,120957390,60531087
2892,259,95196920,226678777
2893,174,98978194,112805094
2894,64,109972800,219876227
2895,105,106539718,216385269
2896,102,102633800,217299523
2897,143,90720000,213351030
2898,133,102534500,112805094
2899,170,101978400,215068958
2900,111,91648500,194890587
2901,160,101338200,216385269
2902,251,110180880,59523967
2903,118,100915600,217299523
2904,58,98582100,215068958
2905,249,98705400,219876227
2906,108,99076000,194890587
2907,112,98566100,215068958
2908,292,95865460,226678777
2909,51,87647900,194890587
2910,207,95769200,219876227
2911,78,105071865,226678777
2912,153,105679300,226678777
2913,300,101306020,59523967
2914,58,82977300,219876227
2915,216,128177240,112805094
2916,79,105300600,219876227
2917,281,112081660,59523967
2918,84,134129789,112805094
2919,269,92593360,226678777
2920,97,96024000,194890587
2921,270,98830340,59523967
2922,157,122446300,60531087
2923,55,104603460,59523967
2924,77,127488230,112805094
2925,114,87617561,213351030
2926,210,85603300,226678777
2927,173,91427600,217299523
2928,75,80703773,155398654
2929,126,95447200,219876227
2930,295,102673840,59523967
2931,162,86145900,215068958
2932,113,118153190,60531087
2933,147,94888000,215068958
2934,56,100274300,215068958
2935,152,92028000,213351030
2936,126,102163500,217026182
2937,187,108684460,59523967
2938,271,98185971,216385269
2939,66,119140200,112805094
2940,257,96947060,226678777
2941,166,78814680,226678777
2942,101,106162500,216385269
2943,264,126610889,112805094
2944,100,92668200,215068958
2945,59,80194000,159724465
2946,126,91844000,194890587
2947,124,106797420,60531087
2948,92,125658020,60531087
2949,56,87727863,147759214
2950,224,99911491,112805094
2951,155,95118580,226678777
2952,80,90551000,213351030
2953,162,104799900,60531087
2954,119,97464900,219876227
2955,96,87481400,217026182
2956,209,94640540,226678777
2957,64,71256000,216385269
2958,92,92430800,217026182
2959,53,84550985,147759214
2960,390,109460080,59523967
2961,159,110800560,60531087
2962,70,101744100,216385269
2963,339,162921920,59523967
2964,151,79482808,219876227
2965,130,76130900,59523967
2966,105,121601460,112805094
2967,178,109578000,59523967
2968,64,97231300,217026182
2969,173,115272800,112805094
2970,203,102995240,112805094
2971,113,111354070,60531087
2972,76,90753873,147759214
2973,129,92201100,226678777
2974,206,95148587,112805094
2975,267,101869660,59523967
2976,51,67033500,217026182
2977,115,106392400,112805094
2978,84,78616000,147428639
2979,60,105907892,112805094
2980,108,91563500,219876227
2981,203,91294980,60531087
2982,97,89516900,219876227
2983,139,96947500,216385269
2984,91,106464420,59523967
2985,160,99599650,60531087
2986,80,75659600,219876227
2987,65,96832400,216385269
2988,158,80252400,215068958
2989,71,79449300,215068958
2990,52,83591192,217026182
2991,194,89425500,217026182
2992,121,104358500,112805094
2993,81,223662200,112805094
2994,260,86682260,226678777
2995,200,92785045,217026182
2996,56,81259800,194890587
2997,178,89815665,217299523
2998,177,89873800,219876227
2999,60,91615317,216385269
3000,158,83320360,59523967
3001,119,86697500,217026182
3002,325,101464540,59523967
3003,100,88265946,219876227
3004,52,86374000,159724465
3005,173,104536350,216385269
3006,228,101103647,216385269
3007,141,90914800,217026182
3008,114,89905400,216385269
3009,55,81590500,194890587
3010,116,76315000,213351030
3011,68,102246547,226678777
3012,161,90330780,112805094
3013,152,81998500,216385269
3014,182,63401140,226678777
3015,81,88623000,219876227
3016,140,86268420,60531087
3017,118,191806980,60531087
3018,138,82733300,60531087
3019,333,88807180,59523967
3020,60,75809236,147759214
3021,73,82372300,216385269
3022,105,70124000,159724465
3023,107,77024900,215068958
3024,54,49077600,217026182
3025,55,89283700,217026182
3026,120,97795830,60531087
3027,155,108309800,60531087
3028,283,87624391,112805094
3029,172,93161730,60531087
3030,191,83373580,226678777
3031,77,85517894,112805094
3032,224,81267560,59523967
3033,121,78359740,226678777
3034,356,102070580,60531087
3035,54,81214500,194890587
3036,54,93037900,112805094
3037,83,69621000,194890587
3038,176,80683600,216385269
3039,108,87139400,217299523
3040,62,82362100,217026182
3041,132,80053500,59523967
3042,256,78213300,219876227
3043,240,83241060,59523967
3044,88,85536100,216385269
3045,224,86093100,216385269
3046,277,94870400,60531087
3047,112,86453100,226678777
3048,95,80160964,217299523
3049,140,76934800,219876227
3050,183,83005450,226678777
3051,110,73375200,216385269
3052,54,73311000,213351030
3053,68,89138900,216385269
3054,66,79763000,217026182
3055,204,84243850,60531087
3056,135,88027560,226678777
3057,60,23080360,226678777
3058,100,74274657,147759214
3059,126,73587800,217299523
3060,54,83089300,226678777
3061,66,96262570,112805094
3062,85,71452300,215068958
3063,78,86743900,215068958
3064,76,73150400,219876227
3065,185,73050900,217299523
3066,96,95589560,112805094
3067,89,90608032,59523967
3068,54,69825500,147428639
3069,55,79149300,219876227
3070,74,63438020,60531087
3071,73,86431380,60531087
3072,144,73487278,219876227
3073,141,89812660,226678777
3074,97,85231340,60531087
3075,101,89734280,60531087
3076,168,89859242,112805094
3077,104,70430500,213351030
3078,196,73707750,216385269
3079,135,81004500,226678777
3080,143,86573240,59523967
3081,129,86888170,60531087
3082,156,99918100,112805094
3083,186,81657900,216385269
3084,257,88566980,59523967
3085,105,86723830,226678777
3086,100,100213500,112805094
3087,82,79983687,59523967
3088,110,69943500,59523967
3089,152,72854090,226678777
3090,53,78745100,215068958
3091,82,74216200,215068958
3092,72,79884850,219876227
3093,176,83579500,226678777
3094,161,82096760,60531087
3095,159,85345800,216385269
3096,130,88869360,59523967
3097,128,81471660,226678777
3098,100,84113620,226678777
3099,90,61115200,112805094
3100,69,84806300,219876227
3101,109,56281683,215068958
3102,62,36305700,112805094
3103,69,23712000,217299523
3104,117,18336560,59523967
