,영화명,연도,url_code
0,아바타: 물의 길,2022,74977
1,어벤져스: 에이지 오브 울트론,2015,98438
2,기생충,2019,161967
3,겨울왕국,2014,100931
4,인터스텔라,2014,45290
5,보헤미안 랩소디,2018,156464
6,검사외전,2016,130903
7,엑시트,2019,174903
8,관상,2013,93728
9,아이언맨 3,2013,70254
10,설국열차,2013,62328
11,캡틴 아메리카: 시빌 워,2016,122527
12,수상한 그녀,2014,107924
13,해적: 바다로 간 산적,2014,102817
14,국가대표,2009,47385
15,백두산,2019,187940
16,과속스캔들,2008,51143
17,탑건: 매버릭,2022,81888
18,스파이더맨: 파 프롬 홈,2019,173123
19,공조,2017,142384
20,트랜스포머 3,2011,70241
21,히말라야,2015,100647
22,미션임파서블:고스트프로토콜,2011,53372
23,스파이더맨: 노 웨이 홈,2021,208077
24,트랜스포머: 패자의 역습,2009,68052
25,밀정,2016,137952
26,최종병기 활,2011,83084
27,써니,2011,76016
28,한산: 용의 출현,2022,194196
29,스파이더맨: 홈 커밍,2017,135874
30,1987,2017,158191
31,베를린,2013,89218
32,마스터,2016,145162
33,터널,2016,141104
34,어벤져스,2012,72363
35,내부자들,2015,121788
36,인천상륙작전,2016,142822
37,공조2: 인터내셔날,2022,201641
38,은밀하게 위대하게,2013,92575
39,곡성,2016,121051
40,범죄도시,2017,161242
41,"좋은 놈, 나쁜 놈, 이상한 놈",2008,65674
42,늑대소년,2012,88253
43,군함도,2017,146506
44,미션 임파서블: 폴아웃,2018,154222
45,다크 나이트 라이즈,2012,72054
46,아저씨,2010,71509
47,사도,2015,121922
48,전우치,2009,48227
49,미션 임파서블: 로그네이션,2015,95541
50,킹스맨 : 시크릿 에이전트,2015,114249
51,연평해전,2015,102272
52,인셉션,2010,52515
53,레미제라블,2012,89755
54,닥터 스트레인지: 대혼돈의 멀티버스,2022,182016
55,캡틴 마블,2019,132623
56,쥬라기 월드: 폴른 킹덤,2018,154285
57,청년경찰,2017,153652
58,숨바꼭질,2013,102824
59,덕혜옹주,2016,94767
60,더 테러 라이브,2013,99794
61,쥬라기 월드,2015,67786
62,의형제,2010,52548
63,감시자들,2013,98146
64,2012,2009,49727
65,앤트맨과 와스프,2018,144330
66,닥터 스트레인지,2016,125459
67,검은 사제들,2015,120157
68,안시성,2018,163533
69,블랙 팬서,2018,137326
70,완득이,2011,80866
71,트랜스포머: 사라진 시대,2014,100691
72,완벽한 타인,2018,167638
73,조커,2019,167613
74,월드 워 Z,2013,51777
75,타워,2012,83250
76,미녀와 야수,2017,136872
77,미녀와 야수,2014,136872
78,추격자,2008,68695
79,독전,2018,158178
80,쿵푸팬더 2,2011,73411
81,아쿠아맨,2018,151153
82,공작,2018,153687
83,인사이드 아웃,2015,115622
84,킹스맨: 골든 서클,2017,149747
85,바람과 함께 사라지다,2012,86888
86,마션,2015,129049
87,토르: 라그나로크,2017,134898
88,어메이징 스파이더맨,2012,66823
89,"님아, 그 강을 건너지 마오",2014,130013
90,조선명탐정 : 각시투구꽃의 비밀,2011,76080
91,봉오동 전투,2019,178526
92,군도: 민란의 시대,2014,99752
93,남산의 부장들,2020,176306
94,라이온 킹,2019,169637
95,범죄와의 전쟁: 나쁜놈들 전성시대,2012,82540
96,주토피아,2016,130850
97,엣지 오브 투모로우,2014,90589
98,쿵푸 팬더,2008,62262
99,신비한 동물사전,2016,115642
100,도가니,2011,75413
101,내 아내의 모든 것,2012,89606
102,나쁜 녀석들: 더 무비,2019,177909
103,판도라,2016,132933
104,터미네이터 : 미래전쟁의 시작,2009,66520
105,맘마미아!,2008,66381
106,연가시,2012,88225
107,아이언맨 2,2010,49008
108,강철비,2017,155665
109,해리포터와 죽음의 성물2,2011,47528
110,다만 악에서 구하소서,2020,189069
111,헌트,2022,195758
112,아이언맨,2008,44885
113,엑스맨: 데이즈 오브 퓨처 패스트,2014,99714
114,강철중: 공공의 적 1-1,2008,68217
115,아가씨,2016,123519
116,어메이징 스파이더맨 2,2014,94187
117,인디아나 존스 4 : 크리스탈 해골의 왕국,2008,34521
118,용의자,2013,93028
119,건축학개론,2012,88426
120,미이라 3:황제의 무덤,2008,66569
121,7급 공무원,2009,51082
122,다크 나이트,2008,62586
123,댄싱퀸,2012,83268
124,우리 생애 최고의 순간,2008,65991
125,꾼,2017,152385
126,혹성탈출: 반격의 서막,2014,99740
127,타짜-신의 손,2014,67769
128,쿵푸팬더3,2016,97692
129,캡틴 아메리카: 윈터 솔져,2014,96327
130,박수건달,2013,91073
131,베놈,2018,119428
132,조선명탐정 : 사라진 놉의 딸,2015,123596
133,역린,2014,108225
134,매드 맥스: 분노의 도로,2015,77768
135,남한산성,2017,150637
136,반도,2020,185917
137,데드풀 2,2018,149236
138,쌍화점,2008,45232
139,암수살인,2018,167105
140,국가부도의 날,2018,164192
141,신기전,2008,63824
142,미이라,2017,120160
143,82년생 김지영,2019,179482
144,분노의 질주: 홉스&쇼,2019,182355
145,분노의 질주: 더 익스트림,2017,140731
146,너의 이름은.,2017,150198
147,모가디슈,2021,192150
148,인턴,2015,118917
149,라라랜드,2016,134963
150,귀향,2016,135843
151,리얼 스틸,2011,76460
152,신의 한 수,2014,107373
153,코코,2018,151728
154,부러진 화살,2012,87571
155,스파이,2013,82080
156,스파이,2015,82080
157,그것만이 내 세상,2018,158180
158,이끼,2010,52326
159,토이 스토리 4,2019,101966
160,돈,2019,163608
161,포화속으로,2010,51386
162,맨 인 블랙 3,2012,75173
163,어바웃 타임,2013,92075
164,악인전,2019,177967
165,올빼미,2022,222301
166,슈퍼배드 3,2017,132626
167,데드풀,2016,75426
168,시동,2019,183876
169,아이 캔 스피크,2017,161850
170,스타워즈: 깨어난 포스,2015,100072
171,영웅,2022,184509
172,분노의 질주: 더 세븐,2015,109905
173,터미네이터 제니시스,2015,69956
174,그래비티,2013,47370
175,마녀,2018,175322
176,마녀,2014,175322
177,탐정: 리턴즈,2018,61698
178,캐리비안의 해적: 낯선 조류,2011,72522
179,퀵,2011,37245
180,감기,2013,35099
181,나우 유 씨 미 2,2016,49483
182,거북이 달린다,2009,82473
183,캐리비안의 해적: 죽은 자는 말이 없다,2017,123277
184,이터널스,2021,95873
185,스물,2015,62167
186,토르: 다크 월드,2013,45919
187,방자전,2010,39640
188,인크레더블 2,2018,223016
189,레드: 더 레전드,2013,78851
190,해리 포터와 혼혈 왕자,2009,76020
191,오싹한 연애,2011,142803
192,드래곤 길들이기 2,2014,103271
193,형,2016,47384
194,친구 2,2013,50869
195,26년,2012,184318
196,블랙 위도우,2021,74315
197,서치,2018,119430
198,고지전,2011,146517
199,엑스맨: 아포칼립스,2016,58072
200,프리즌,2017,50669
201,솔트,2010,75401
202,가장 보통의 연애,2019,38254
203,헬로우 고스트,2010,66834
204,원티드,2008,43838
205,극비수사,2015,92064
206,앤트맨,2015,97816
207,쥬라기 월드: 도미니언,2022,140652
208,호빗: 다섯 군대 전투,2014,68073
209,너의 결혼식,2018,167699
210,호빗: 뜻밖의 여정,2012,105015
211,말모이,2019,67901
212,메이즈 러너,2014,196367
213,해리 포터와 죽음의 성물1,2010,109911
214,마녀(魔女) Part2. The Other One,2022,146480
215,빅 히어로,2015,80629
216,덩케르크,2017,52747
217,혹성탈출: 진화의 시작,2011,61103
218,부당거래,2010,129408
219,메이즈 러너: 스코치 트라이얼,2015,73318
220,가디언즈 오브 갤럭시 VOL. 2,2017,68944
221,시라노; 연애조작단,2010,78790
222,핸콕,2008,92011
223,내가 살인범이다,2012,129383
224,나우 유 씨 미 : 마술사기단,2013,187347
225,미스 페레그린과 이상한 아이들의 집,2016,50184
226,토르: 러브 앤 썬더,2022,45979
227,적벽대전 2 : 최후의 결전,2009,172454
228,지.아이.조 : 전쟁의 서막,2009,103535
229,곤지암,2018,137890
230,소원,2013,77566
231,살인자의 기억법,2017,124201
232,브레이킹 던 part2,2012,113351
233,탐정 : 더 비기닝,2015,89361
234,미니언즈,2015,123630
235,후궁 : 제왕의 첩,2012,144968
236,트랜스포머: 최후의 기사,2017,70457
237,제이슨 본,2016,168298
238,드래곤 길들이기,2010,97629
239,지금 만나러 갑니다,2018,77125
240,도리를 찾아서,2016,44913
241,위험한 상견례,2011,52375
242,아수라,2016,43547
243,굿모닝 프레지던트,2009,146524
244,보안관,2017,117790
245,기술자들,2014,39818
246,퍼시픽 림,2013,76347
247,엑스맨: 퍼스트 클래스,2011,35546
248,정글북,2016,38197
249,정글북,2017,38197
250,마이펫의 이중생활,2016,127382
251,증인,2019,39907
252,조작된 도시,2017,31281
253,반창꼬,2012,129094
254,블랙머니,2019,53741
255,보스 베이비,2017,93090
256,화차,2012,40134
257,이웃사람,2012,165748
258,조선명탐정: 흡혈괴마의 비밀,2018,154255
259,재심,2017,167605
260,신비한 동물들과 그린델왈드의 범죄,2018,185838
261,터미네이터: 다크 페이트,2019,167099
262,히트맨,2020,75395
263,사바하,2019,98467
264,의뢰인,2011,47152
265,화이: 괴물을 삼킨 아이,2013,70994
266,테이큰,2008,35071
267,007 스카이폴,2012,63538
268,가문의 영광4 - 가문의 수난,2011,155716
269,블라인드,2011,55677
270,블라인드,2021,55677
271,박열,2017,33837
272,미인도,2008,130849
273,라스트 갓파더,2010,91510
274,모아나,2017,189150
275,테이큰 2,2012,55405
276,하녀,2010,164115
277,메이즈 러너: 데스 큐어,2018,74566
278,분노의 질주: 더 얼티메이트,2021,40033
279,맘마미아!2,2018,92823
